Country Name,Country Code,1960,1961,1962,1963,1964,1965,1966,1967,1968,1969,1970,1971,1972,1973,1974,1975,1976,1977,1978,1979,1980,1981,1982,1983,1984,1985,1986,1987,1988,1989,1990,1991,1992,1993,1994,1995,1996,1997,1998,1999,2000,2001,2002,2003,2004,2005,2006,2007,2008,2009,2010,2011,2012,2013,2014,2015,2016,2017
Aruba,ABW,,,,,,,,,,,,,,,,,,,,,,,,,,,,,,,,,,,,,,,,,,,,,,,,,,,,,,,,,,
Afghanistan,AFG,,,,,,,,,,,,,,,,,,,,,,,,,,,,,,,,45.33100128,46.1780014,45.38100052,45.46699905,47.36899948,46.03699875,45.97000122,45.95800018,45.9090004,45.86700058,45.90599823,47.70800018,47.9129982,47.54299927,48.52199936,47.90100098,48.22900009,47.43399811,48.28499985,47.61399841,47.67300034,48.20600128,48.38899994,48.73600006,49.12900162,49.43899918,49.44499969
Angola,AGO,,,,,,,,,,,,,,,,,,,,,,,,,,,,,,,,59.76599884,59.72600174,59.68000031,59.47100067,59.23400116,59.20000076,59.23300171,59.23799896,59.2519989,59.23500061,59.26399994,59.23099899,59.3390007,59.3030014,61.0379982,62.84700012,64.63600159,66.4469986,68.32099915,70.11199951,72.13300323,72.17500305,72.18000031,72.15799713,72.09999847,71.6760025,71.29000092
Albania,ALB,,,,,,,,,,,,,,,,,,,,,,,,,,,,,,,,50.81800079,50.62799835,48.72100067,48.37400055,48.15000153,48.23500061,48.86100006,48.79499817,48.28900146,48.45000076,48.03499985,48.4129982,48.21500015,47.99399948,47.79100037,47.74200058,48.3730011,47.87099838,47.02999878,46.56399918,47.92599869,49.72299957,45.26100159,44.85100174,46.80899811,47.71300125,48.29499817
Andorra,AND,,,,,,,,,,,,,,,,,,,,,,,,,,,,,,,,,,,,,,,,,,,,,,,,,,,,,,,,,,
Arab World,ARB,,,,,,,,,,,,,,,,,,,,,,,,,,,,,,,,42.55800367,42.43228369,42.22617203,42.13357406,41.69875911,42.1432434,42.19532318,41.77359816,42.27601383,41.93573968,41.70998284,41.42039659,41.57696536,42.1086305,42.33575379,42.87629587,43.45811055,43.82992916,43.98659689,43.92855704,43.74247963,43.75085076,44.0130253,43.70344896,43.65546573,43.73155828,43.79466505
United Arab Emirates,ARE,,,,,,,,,,,,,,,,,,,,,,,,,,,,,,,,71.88800049,72.24299622,72.78800201,73.3219986,73.79499817,73.26699829,73.0530014,73.16699982,73.60500336,74.16699982,73.48300171,73.39299774,73.84799957,74.75499725,75.94499969,76.03199768,76.65599823,77.07299805,77.8239975,79.19999695,79.31099701,79.31700134,79.35800171,79.48100281,79.70800018,79.06199646,78.3219986
Argentina,ARG,,,,,,,,,,,,,,,,,,,,,,,,,,,,,,,,56.48400116,56.30400085,54.22800064,53.44300079,49.0870018,50.34700012,52.13100052,53.73400116,52.88700104,52.42100143,50.97299957,49.2859993,52.33200073,53.93500137,54.90800095,56.0530014,56.3769989,56.0870018,55.93899918,55.11399841,56.47000122,56.31000137,56.11399841,55.50899887,55.70899963,54.74900055,54.75099945
Armenia,ARM,,,,,,,,,,,,,,,,,,,,,,,,,,,,,,,,57.95899963,57.93099976,55.65599823,54.625,54.25500107,52.4280014,51.25600052,51.75500107,50.42399979,49.69800186,49.07699966,48.35699844,47.77600098,47.27700043,46.90200043,46.59500122,46.40399933,46.2179985,46.40399933,48.2480011,49.43799973,49.92399979,50.93799973,49.91600037,48.88399887,49.09500122,49.17399979
American Samoa,ASM,,,,,,,,,,,,,,,,,,,,,,,,,,,,,,,,,,,,,,,,,,,,,,,,,,,,,,,,,,
Antigua and Barbuda,ATG,,,,,,,,,,,,,,,,,,,,,,,,,,,,,,,,,,,,,,,,,,,,,,,,,,,,,,,,,,
Australia,AUS,,,,,,,,,,,,,,,,,,,,,,,,,,,,,,,,57.20800018,56.21099854,55.77099991,56.94499969,58.27899933,58.24300003,58.00899887,58.34799957,58.6609993,59.38100052,59.26300049,59.5530014,60.00500107,60.20299911,61.29299927,61.78699875,62.47399902,62.84000015,61.88499832,62.11899948,62.22299957,61.8429985,61.32799911,60.83499908,61.10699844,61.18099976,61.18299866
Austria,AUT,,,,,,,,,,,,,,,,,,,,,,,,,,,,,,,,54.24900055,54.84400177,54.70800018,56.47000122,56.48400116,55.44100189,55.19800186,55.25400162,55.87200165,55.77099991,55.62900162,55.98199844,55.94400024,53.49900055,54.83300018,55.43099976,56.49499893,57.18999863,56.79800034,57.06800079,57.28499985,57.35900116,57.21300125,56.77899933,56.6629982,56.79600143,57.01499939
Azerbaijan,AZE,,,,,,,,,,,,,,,,,,,,,,,,,,,,,,,,55.31399918,56.91999817,57.70000076,57.94400024,58.31700134,56.33200073,55.90999985,55.82300186,55.47000122,55.84199905,56.42100143,56.98899841,57.46500015,58.2879982,58.81299973,59.35400009,59.57400131,59.98500061,60.27500153,60.40499878,60.48699951,60.93799973,61.3390007,61.85800171,62.26499939,62.93500137,62.77999878
Burundi,BDI,,,,,,,,,,,,,,,,,,,,,,,,,,,,,,,,88.67900085,88.14800262,87.53800201,86.85700226,86.11199951,85.37200165,84.56300354,83.6780014,82.98300171,82.25099945,81.67900085,81.13800049,80.63600159,80.1780014,79.76699829,79.36699677,78.99299622,78.64499664,78.34100342,78.07499695,77.77500153,77.51300049,77.27200317,76.93699646,77.27899933,77.55699921,77.64900208
Belgium,BEL,,,,,,,,,,,,,,,,,,,,,,,,,,,,,,,,45.69100189,46.08000183,45.49900055,45.28300095,45.69400024,45.55199814,45.89500046,45.96300125,47.36100006,48.75999832,47.5870018,47.42200089,47.13299942,47.95100021,48.68399811,48.63100052,49.57699966,49.85900116,49.15999985,49.49499893,49.28300095,49.13199997,48.98300171,48.98699951,48.9129982,49.06399918,49.38499832
Benin,BEN,,,,,,,,,,,,,,,,,,,,,,,,,,,,,,,,71.37599945,71.38899994,71.54199982,71.66300201,71.75700378,71.79699707,71.8030014,71.77500153,71.71499634,71.6230011,71.49900055,71.3239975,71.33899689,71.30500031,71.22799683,71.09300232,70.91899872,70.71399689,70.48799896,70.30599976,68.98600006,68.97899628,68.95999908,68.93900299,68.9280014,68.98899841,69.13600159
Burkina Faso,BFA,,,,,,,,,,,,,,,,,,,,,,,,,,,,,,,,80.97000122,80.46800232,79.93000031,79.38200378,78.82299805,78.23999786,77.65499878,77.0490036,76.36399841,75.68199921,74.97299957,74.26399994,73.51699829,72.37000275,71.18499756,71.68000031,70.29699707,69.26599884,68.20899963,67.10500336,65.98000336,64.81700134,63.61700058,62.35100174,62.34000015,62.39099884,62.29600143
Bangladesh,BGD,,,,,,,,,,,,,,,,,,,,,,,,,,,,,,,,55.20700073,55.1570015,55.13600159,55.17200089,55.25999832,55.40399933,55.43199921,55.47700119,55.5359993,55.59600067,55.57600021,55.53699875,55.12599945,55.10800171,55.16400146,55.41899872,55.11299896,54.80199814,54.24900055,55.06100082,54.80799866,54.56700134,54.18999863,54.10900116,54.02700043,53.97999954,54.0320015
Bulgaria,BGR,,,,,,,,,,,,,,,,,,,,,,,,,,,,,,,,45.56600189,45.35900116,44.67599869,44.60800171,46.17300034,46.54399872,45.75400162,45.69300079,43.81100082,41.78900146,41.35900116,41.89899826,43.37400055,44.92599869,45.29999924,47.64300156,50.0929985,52.03699875,50.625,47.91799927,46.61800003,46.56000137,46.89199829,47.96699905,49.22800064,49.4070015,50.15000153
Bahrain,BHR,,,,,,,,,,,,,,,,,,,,,,,,,,,,,,,,63.69100189,63.7859993,64.01499939,64.33699799,64.68800354,64.41600037,64.20600128,64.19799805,64.44499969,64.9240036,64.96399689,65.23600006,65.87400055,66.7539978,67.73899841,68.16699982,68.85399628,69.7009964,70.58599854,71.40399933,70.53900146,70.63800049,70.65599823,70.70600128,70.77500153,70.99199677,71.33000183
"Bahamas, The",BHS,,,,,,,,,,,,,,,,,,,,,,,,,,,,,,,,63.95700073,62.72399902,64.92700195,64.66100311,67.03500366,66.58999634,67.84300232,69.40599823,69.54000092,69.69400024,70.07499695,68.57299805,67.27300262,67.78700256,67.83599854,69.85199738,69.69999695,69.5059967,64.93199921,64.96299744,64.74299622,65.1269989,63.49700165,65.2990036,66.63899994,66.08200073,66.26000214
Bosnia and Herzegovina,BIH,,,,,,,,,,,,,,,,,,,,,,,,,,,,,,,,42.72900009,41.98799896,40.73799896,38.47600174,37.05400085,37.06900024,36.87900162,36.66999817,36.22800064,36.55899811,36.24700165,35.47800064,35.10400009,34.38399887,34.1780014,33.55699921,34.52000046,37.17300034,36.74100113,35.09899902,34.72900009,34.29199982,34.32600021,34.02999878,33.79899979,35.01699829,34.68500137
Belarus,BLR,,,,,,,,,,,,,,,,,,,,,,,,,,,,,,,,59.01300049,58.9659996,58.81100082,58.75,58.74599838,58.4659996,58.30199814,58.22600174,58.20500183,58.5320015,58.83599854,59.14599991,59.49200058,59.86800003,60.30599976,60.66500092,61.0870018,61.55599976,62.01399994,62.2820015,62.90999985,63.25,63.58000183,63.79700089,63.94200134,63.93500137,63.69900131
Belize,BLZ,,,,,,,,,,,,,,,,,,,,,,,,,,,,,,,,56.26900101,54.64500046,52.90999985,52.05500031,51.40999985,50.86199951,51.91699982,51.35599899,52.70100021,54.35499954,56.00899887,55.93899918,56.32600021,56.69900131,56.88600159,58.57699966,59.76599884,60.57300186,59.99499893,59.50999832,59.23400116,58.93500137,60.04800034,59.44400024,59.80799866,61.51200104,60.81600189
Bermuda,BMU,,,,,,,,,,,,,,,,,,,,,,,,,,,,,,,,,,,,,,,,,,,,,,,,,,,,,,,,,,
Bolivia,BOL,,,,,,,,,,,,,,,,,,,,,,,,,,,,,,,,64.6269989,64.92099762,64.8219986,67.05999756,66.96900177,66.16799927,68.71199799,68.07900238,67.41500092,67.22299957,66.98600006,67.40100098,68.20600128,69.00299835,68.81900024,69.64099884,68.18900299,70.19400024,69.9980011,70.14700317,70.22499847,67.50099945,67.64800262,69.85700226,64.98799896,65.29699707,65.29399872
Brazil,BRA,,,,,,,,,,,,,,,,,,,,,,,,,,,,,,,,58.94599915,58.73400116,59.24900055,59.47900009,59.84799957,59.56800079,59.22800064,58.68700027,58.47700119,58.61500168,59.16400146,60.04499817,59.68099976,60.88899994,60.79600143,61.60200119,61.41199875,61.81499863,61.45100021,61.05899811,60.32300186,59.72399902,59.73899841,59.68399811,58.68899918,56.42399979,55.19100189
Barbados,BRB,,,,,,,,,,,,,,,,,,,,,,,,,,,,,,,,52.09899902,52.75,52.13399887,53.60100174,56.47100067,59.29399872,59.31200027,60.68700027,61.73400116,62.39799881,62.0870018,61.80799866,61.38999939,62.82799911,63.21699905,63.27099991,63.9280014,63.23600006,61.60100174,60.73600006,60.30199814,59.00799942,59.59500122,57.30799866,58.2159996,59.86000061,59.53099823
Brunei Darussalam,BRN,,,,,,,,,,,,,,,,,,,,,,,,,,,,,,,,62.11100006,62.1969986,62.41799927,62.64300156,62.93199921,63.00799942,63.19599915,63.44100189,63.75600052,64.15599823,63.85800171,63.56399918,63.43899918,63.47299957,63.57099915,63.33800125,63.24399948,63.22399902,63.29100037,63.38499832,63.58399963,63.76399994,63.90000153,63.20899963,62.95700073,62.52899933,62.3409996
Bhutan,BTN,,,,,,,,,,,,,,,,,,,,,,,,,,,,,,,,63.18899918,62.88100052,62.63199997,62.35300064,62.09000015,62.3429985,62.65599823,63.05599976,63.58100128,64.03900146,65.10099792,66.36100006,67.60299683,68.15799713,68.54000092,68.95400238,68.83499908,68.93199921,68.86399841,67.50800323,65.77999878,64.21600342,64.2009964,62.69200134,64.97399902,64.90499878,65.16100311
Botswana,BWA,,,,,,,,,,,,,,,,,,,,,,,,,,,,,,,,53.66999817,52.38499832,51.10699844,48.68099976,48.40499878,48.10100174,48.11100006,48.15399933,48.9070015,49.59199905,48.59199905,47.61700058,46.62799835,48.1590004,49.69800186,52.22200012,52.37900162,52.53699875,52.95800018,49.50799942,53.17399979,56.24200058,58.64199829,58.98899841,59.33300018,59.34799957,59.4090004
Central African Republic,CAF,,,,,,,,,,,,,,,,,,,,,,,,,,,,,,,,67.77200317,67.71399689,67.62400055,67.50800323,67.40499878,67.37000275,67.26699829,67.18099976,67.08699799,67.01100159,67.00099945,66.96700287,66.94599915,66.87400055,66.83200073,66.91500092,66.97699738,67.01699829,67.01499939,66.96399689,67.13200378,67.21900177,67.33399963,67.23799896,67.0759964,67.07800293,67.21800232
Canada,CAN,,,,,,,,,,,,,,,,,,,,,,,,,,,,,,,,59.41600037,58.02999878,57.59400177,58.04399872,58.29600143,58.04299927,58.55599976,59.32500076,60.14300156,60.81299973,60.65200043,61.24700165,61.98300171,62.18399811,62.1590004,62.36500168,62.99700165,63.08100128,61.18399811,61.2140007,61.38700104,61.37900162,61.49000168,61.15999985,61.01499939,60.81299973,61.06399918
Central Europe and the Baltics,CEB,,,,,,,,,,,,,,,,,,,,,,,,,,,,,,,,55.29715986,54.88800363,53.9921747,53.22971444,53.13567553,52.80492936,52.87992567,52.60294853,51.47035849,50.2051209,49.63936519,47.94141979,47.93807144,47.7659903,48.12763517,49.22979817,50.47548283,51.36579592,50.44121953,50.01259559,49.91063829,50.16255853,50.25088422,51.28417374,51.98938477,52.76415245,53.20956584
Switzerland,CHE,,,,,,,,,,,,,,,,,,,,,,,,,,,,,,,,67.17700195,66.34200287,65.66200256,64.67900085,64.82800293,65.04599762,64.56099701,65.45899963,65.7440033,65.58499908,66.0719986,65.73300171,65.00800323,64.35700226,64.03399658,64.70200348,65.23600006,65.94499969,65.45400238,63.72600174,64.48000336,64.4980011,64.35099792,64.68099976,64.93800354,65.19100189,65.13600159
Channel Islands,CHI,,,,,,,,,,,,,,,,,,,,,,,,,,,,,,,,51.19499969,51.67499924,52.48600006,53.2140007,52.92499924,52.86600113,53.10699844,53.45100021,53.82600021,54.00600052,53.72800064,53.75299835,54,53.5320015,53.68899918,53.55199814,53.45399857,52.5890007,52.23099899,52.96699905,52.31999969,52.18999863,52.21300125,52.45899963,52.24399948,52.24200058,52.00799942
Chile,CHL,,,,,,,,,,,,,,,,,,,,,,,,,,,,,,,,50.99100113,52.57600021,53.7159996,52.88600159,52.56100082,51.50699997,51.91999817,52.18099976,50.27500153,49.48600006,49.48300171,49.2519989,49.73799896,50.90499878,50.90299988,51.7120018,53.39799881,53.8390007,52.41699982,55.64199829,57.41999817,57.77399826,58.13999939,58.05500031,58.2120018,57.95299911,57.9679985
China,CHN,,,,,,,,,,,,,,,,,,,,,,,,,,,,,,,,75.18199921,75.51599884,75.5039978,75.41000366,75.10900116,74.89499664,74.65699768,74.27600098,73.96800232,73.71900177,73.02600098,72.34899902,71.63300323,70.8809967,70.34100342,69.875,69.58300018,68.7460022,68.38700104,67.99199677,67.6740036,67.375,67.10900116,66.8219986,66.52100372,66.14099884,65.70899963
Cote d'Ivoire,CIV,,,,,,,,,,,,,,,,,,,,,,,,,,,,,,,,63.0890007,62.89500046,63.11700058,63.33100128,63.93500137,63.81299973,63.72700119,63.63800049,63.29100037,62.9469986,62.59199905,62.22399902,61.8370018,61.42900085,61.00400162,60.57899857,60.14199829,59.68999863,59.22200012,58.74200058,58.25400162,57.75799942,57.26900101,56.79299927,56.33800125,55.8769989,55.82500076
Cameroon,CMR,,,,,,,,,,,,,,,,,,,,,,,,,,,,,,,,71.6309967,71.59899902,71.55799866,71.45400238,71.22699738,71.07299805,70.99500275,70.90299988,70.80899811,70.71199799,70.64900208,71.09200287,71.53700256,71.97299957,72.51499939,73.09300232,73.66600037,73.44499969,73.23999786,72.81500244,72.85299683,72.88999939,72.91100311,72.90899658,72.91999817,72.94200134,72.97899628
"Congo, Dem. Rep.",COD,,,,,,,,,,,,,,,,,,,,,,,,,,,,,,,,69.24500275,69.3789978,69.51200104,69.55000305,69.50299835,69.5759964,69.62599945,69.60900116,69.59300232,69.59799957,69.64499664,69.65399933,69.64900208,69.63300323,69.61599731,69.67299652,69.6969986,69.70600128,69.72599792,69.72599792,69.78399658,69.81900024,69.8259964,69.80000305,69.7480011,69.7480011,69.7460022
"Congo, Rep.",COG,,,,,,,,,,,,,,,,,,,,,,,,,,,,,,,,54.29299927,54.17399979,54.11399841,54.11199951,54.04700089,54.00999832,54.0719986,54.10800171,54.26399994,54.31800079,54.44599915,54.56399918,54.74599838,54.9109993,55.06100082,55.84999847,56.74000168,57.54299927,58.21300125,59.37799835,60.59899902,62.84400177,62.88499832,62.85599899,62.78900146,62.47399902,62.04499817
Colombia,COL,,,,,,,,,,,,,,,,,,,,,,,,,,,,,,,,48.36299896,49.08200073,50.21099854,50.75699997,51.2879982,50.32799911,50.9109993,50.00099945,47.73099899,48.16400146,52.25400162,52.6590004,54.33800125,55.4090004,57.36999893,57.58100128,59.31399918,59.99000168,60.14799881,61.48300171,62.67900085,63.75099945,64.02500153,64.36299896,64.76699829,64.39900208,64.14399719
Comoros,COM,,,,,,,,,,,,,,,,,,,,,,,,,,,,,,,,40.84199905,40.78300095,40.77399826,40.84799957,40.77199936,40.73300171,40.60900116,40.50699997,40.39599991,40.18000031,40.08499908,39.99599838,39.92499924,39.88299942,39.86800003,39.87799835,39.94300079,40.04199982,40.14300156,40.25899887,40.38299942,40.51699829,40.65299988,40.80500031,40.96699905,41.0929985,41.22399902
Cabo Verde,CPV,,,,,,,,,,,,,,,,,,,,,,,,,,,,,,,,54.50400162,54.68600082,54.8219986,54.90499878,54.93899918,54.88000107,54.75899887,54.57899857,54.34700012,54.06700134,53.83499908,53.54999924,53.23199844,52.90599823,52.62400055,52.59600067,52.60300064,52.67699814,52.80699921,52.92399979,53.06299973,53.22700119,53.41500092,53.60499954,53.79399872,53.89099884,54.15200043
Costa Rica,CRI,,,,,,,,,,,,,,,,,,,,,,,,,,,,,,,,55.10400009,55.09799957,55.77199936,56.09899902,56.35300064,53.93099976,56.26200104,57.9090004,57.17599869,56.43000031,57.80500031,57.47000122,57.50099945,56.45000076,58.39199829,58.58399963,60.13499832,59.62599945,57.22000122,55.12799835,55.65499878,55.33399963,56.06399918,57.18700027,56.4129982,54.08100128,54.69200134
Caribbean small states,CSS,,,,,,,,,,,,,,,,,,,,,,,,,,,,,,,,52.72590507,53.35023458,53.51489609,54.41189744,54.60253367,54.78608099,54.63777547,54.66588973,54.75853016,54.93165969,55.41098093,55.36655162,56.15186034,56.96827157,57.45590524,58.48767756,58.84070558,58.65502309,57.78778603,57.43938999,57.58872593,57.18492839,57.01242127,57.40024478,57.46704826,57.55372957,57.69739424
Cuba,CUB,,,,,,,,,,,,,,,,,,,,,,,,,,,,,,,,45.60499954,45.91899872,46.16699982,46.70999908,47.05199814,47.6780014,48.04700089,48.48799896,48.54299927,49.05099869,49.77899933,50.18700027,50.7519989,51.0870018,51.77399826,52.49700165,53.2879982,53.92699814,54.95000076,54.07899857,53.61299896,53.33499908,53.26900101,53.38499832,53.37599945,53.06900024,52.96099854
Curacao,CUW,,,,,,,,,,,,,,,,,,,,,,,,,,,,,,,,,,,,,,,,,,,,,,,,,,,,,,,,,,
Cayman Islands,CYM,,,,,,,,,,,,,,,,,,,,,,,,,,,,,,,,,,,,,,,,,,,,,,,,,,,,,,,,,,
Cyprus,CYP,,,,,,,,,,,,,,,,,,,,,,,,,,,,,,,,58.56200027,58.85300064,58.1609993,58.65999985,58.04000092,57.46300125,57.70700073,57.42699814,57.08100128,57.77500153,59.61500168,59.96900177,60.45000076,60.69400024,59.67200089,60.36899948,61.06900024,61.09700012,60.17900085,60.0359993,58.22200012,55.43099976,52.74100113,53.07600021,53.29299927,54.72600174,55.85400009
Czech Republic,CZE,,,,,,,,,,,,,,,,,,,,,,,,,,,,,,,,59.87400055,59.27500153,58.70500183,58.89799881,58.93600082,58.68000031,57.91500092,56.91999817,55.44300079,54.85800171,54.96900177,55.43199921,54.89300156,54.27500153,54.78099823,55.07699966,55.72600174,55.91799927,54.69900131,54.10200119,54.31900024,54.56600189,55.22900009,55.80799866,56.60900116,57.76699829,58.1969986
Germany,DEU,,,,,,,,,,,,,,,,,,,,,,,,,,,,,,,,56.45999908,55.27999878,53.85100174,53.42200089,53.44499969,52.85599899,52.42100143,52.4469986,53.1629982,53.47000122,53.4640007,52.95199966,52.24599838,51.4129982,51.93000031,52.81800079,54.06700134,54.76100159,54.76399994,55.29800034,56.52999878,56.76100159,57.16600037,57.37099838,57.49499893,58,58.21099854
Djibouti,DJI,,,,,,,,,,,,,,,,,,,,,,,,,,,,,,,,59.02199936,58.86999893,58.65999985,58.43399811,58.31600189,58.16899872,58.11399841,58.10200119,58.02399826,57.85200119,57.66999817,57.38100052,57.02999878,56.68999863,56.40999985,56.18799973,56.00600052,55.85499954,55.74100113,55.64899826,55.57500076,55.54999924,55.54800034,55.54000092,55.51399994,55.48099899,55.56499863
Dominica,DMA,,,,,,,,,,,,,,,,,,,,,,,,,,,,,,,,,,,,,,,,,,,,,,,,,,,,,,,,,,
Denmark,DNK,,,,,,,,,,,,,,,,,,,,,,,,,,,,,,,,61.11700058,61.02000046,59.33399963,59.32699966,60.7820015,60.92599869,62.22600174,62.16400146,62.78300095,62.82300186,62.68600082,63.27500153,61.97999954,62.58000183,62.67900085,63.67200089,63.34799957,63.7859993,61.39699936,59.56499863,59.11600113,58.41799927,57.96099854,57.99499893,58.1969986,59.39400101,59.51100159
Dominican Republic,DOM,,,,,,,,,,,,,,,,,,,,,,,,,,,,,,,,58.99900055,59.65999985,59.63700104,59.39799881,59.65200043,59.77600098,60.05599976,60.05599976,60.11299896,60.11700058,60.06499863,60.27999878,60.03099823,60.23199844,60.72600174,61.48500061,61.95700073,60.88700104,59.125,60.64799881,61.50899887,61.38499832,61.1609993,62.03499985,62.74399948,63.11800003,63.08499908
Algeria,DZA,,,,,,,,,,,,,,,,,,,,,,,,,,,,,,,,34.44599915,33.66899872,33.08000183,32.57400131,30.68700027,32.08000183,33.23300171,32.4070015,31.45800018,30.60099983,31.48600006,31.92000008,32.70299911,35.15800095,36.04299927,37.20299911,36.45800018,37.41199875,37.8429985,38.14300156,38.27299881,38,39.39400101,37.11600113,36.83100128,37.18399811,37.23699951
East Asia & Pacific (excluding high income),EAP,,,,,,,,,,,,,,,,,,,,,,,,,,,,,,,,73.07897196,73.41344602,73.38344739,73.28749108,73.04671114,72.9054078,72.6465168,72.30615432,72.05917105,71.8990568,71.42215327,70.91929076,70.39069338,69.78016441,69.30236579,68.93938176,68.6921432,68.13399006,67.95560205,67.74247808,67.62795709,67.4434836,67.19822164,67.0050395,66.52979491,66.30835704,65.99333473
Early-demographic dividend,EAR,,,,,,,,,,,,,,,,,,,,,,,,,,,,,,,,57.2018179,57.31637353,57.17406181,57.28623637,56.8886528,56.72058011,56.59035984,56.46159032,56.30894214,56.06412369,56.10825358,56.07242769,56.29374192,56.60615179,56.83839019,56.68228832,56.30680377,55.84574261,55.46916665,55.15206794,54.96804641,54.74367427,54.77797709,54.75653229,54.65537456,54.80050011,54.76492554
East Asia & Pacific,EAS,,,,,,,,,,,,,,,,,,,,,,,,,,,,,,,,71.46696994,71.77014558,71.70843079,71.64135801,71.4387796,71.32753691,71.12347325,70.65964374,70.39664633,70.28952414,69.84071814,69.37221888,68.89518102,68.39583841,68.0126278,67.72412422,67.55245627,67.0440972,66.78046182,66.58938749,66.5015124,66.34707409,66.16950973,66.04757857,65.6617098,65.50412005,65.22185839
Europe & Central Asia (excluding high income),ECA,,,,,,,,,,,,,,,,,,,,,,,,,,,,,,,,58.80048949,58.78761059,57.38999852,56.21485562,55.46508906,54.43738345,53.03167431,51.98369054,52.70457634,53.13383612,52.83090046,52.74638257,52.332803,52.33576094,52.65691071,52.87151002,53.57769532,53.83287491,52.95859657,53.54777054,54.22305035,54.59966006,54.80215194,54.72296557,54.89999097,55.08223085,54.99172012
Europe & Central Asia,ECS,,,,,,,,,,,,,,,,,,,,,,,,,,,,,,,,55.21382319,54.71044585,53.46058883,52.66992377,52.39404316,51.95723458,51.43262023,51.20095279,51.73768157,52.14502552,52.16704929,52.14019525,52.01172038,51.99087507,52.40122751,52.81792582,53.52253662,53.80674718,52.78253497,52.79630877,53.06365398,53.06602264,53.01707224,53.17810697,53.50308725,53.90947564,54.08276977
Ecuador,ECU,,,,,,,,,,,,,,,,,,,,,,,,,,,,,,,,60.14699936,58.4469986,59.09199905,60.25,60.72100067,58.63399887,59.61899948,60.31800079,58.22299957,61.81499863,60.52899933,61.51800156,60.85100174,63.04600143,63.79499817,64.85800171,65.16799927,63.44599915,63.11100006,62.40399933,62.09500122,62.84999847,62.35900116,61.90499878,64.15299988,65.36299896,65.6309967
"Egypt, Arab Rep.",EGY,,,,,,,,,,,,,,,,,,,,,,,,,,,,,,,,42.20899963,42.42599869,41.55199814,42.36000061,41.18299866,41.7859993,41.58599854,41.23899841,42.65399933,41.9659996,41.38399887,40.58100128,40.56100082,41.32799911,41.34400177,42.06600189,43.86399841,44.33100128,44.38399887,43.4640007,43.06700134,42.84899902,42.88000107,42.3370018,41.70899963,41.9090004,42.1969986
Euro area,EMU,,,,,,,,,,,,,,,,,,,,,,,,,,,,,,,,50.5176123,49.67110971,48.5478144,47.98325923,48.03371248,48.00959478,48.11748444,48.56159432,49.25547053,49.93645992,50.37246797,50.57732682,50.74156213,50.70374794,51.20773782,51.81745976,52.51946674,52.69518893,51.46869892,51.05149612,50.96476242,50.47303866,50.02664053,50.10024746,50.45377614,50.99242747,51.38520932
Eritrea,ERI,,,,,,,,,,,,,,,,,,,,,,,,,,,,,,,,77.16100311,77.23100281,77.16400146,77.05599976,76.91899872,76.66000366,76.3219986,75.98899841,75.65599823,75.32099915,74.90599823,74.47699738,74.1780014,73.95400238,73.80400085,74.00900269,74.25099945,74.58899689,74.86000061,75.14800262,75.39199829,75.63800049,75.86100006,76.0059967,76.08799744,76.11100006,76.1740036
Spain,ESP,,,,,,,,,,,,,,,,,,,,,,,,,,,,,,,,42.10400009,41.03300095,38.82400131,38.04899979,38.64799881,39.17599869,40.28499985,41.61500168,43.70500183,45.53099823,46.72600174,47.70800018,48.64899826,49.52600098,51.62099838,52.7519989,53.32099915,52.21699905,48.49399948,47.50999832,46.58300018,44.56600189,43.53900146,44.21099854,45.47100067,46.69599915,47.85100174
Estonia,EST,,,,,,,,,,,,,,,,,,,,,,,,,,,,,,,,62.11000061,60.38499832,58.28699875,57.36600113,55.79399872,55.13000107,55.17900085,54.68299866,52.37400055,51.11700058,50.46900177,51.13600159,52.19800186,52.8730011,53.91500092,56.99700165,57.88800049,58.00500107,52.62799835,50.41500092,53.65499878,55.13700104,55.99599838,56.65800095,58.34700012,58.69200134,59.13499832
Ethiopia,ETH,,,,,,,,,,,,,,,,,,,,,,,,,,,,,,,,75.58999634,75.6230011,75.59500122,75.60099792,75.35600281,75.00700378,74.63999939,74.19799805,73.68599701,74.7559967,75.83899689,76.92900085,77.98400116,78.95899963,79.98699951,79.89700317,79.78800201,79.66699982,79.53700256,79.38600159,79.2480011,79.12599945,79.11299896,78.80699921,78.49900055,78.14399719,78.16999817
European Union,EUU,,,,,,,,,,,,,,,,,,,,,,,,,,,,,,,,52.57298809,51.74318934,50.6429956,50.16006026,50.25252362,50.18207911,50.34492299,50.64706973,50.96343255,51.25236123,51.4540317,51.21370108,51.30726691,51.2694891,51.69574916,52.30526383,53.01537774,53.32589781,52.19006473,51.80803558,51.6899951,51.43000946,51.19039611,51.55700757,51.98751621,52.55012985,52.9340446
Fragile and conflict affected situations,FCS,,,,,,,,,,,,,,,,,,,,,,,,,,,,,,,,59.50208484,59.47047872,59.31524591,59.15475576,59.17771007,58.93545034,58.74327374,58.60739649,58.4237359,58.19130559,57.95323896,57.87169294,57.78801697,57.53554052,57.47842757,57.37560141,57.27459704,57.16323431,57.10390702,56.90198939,56.75495973,56.68447325,56.5952209,56.51078885,56.46546142,56.43360517,56.4111851
Finland,FIN,,,,,,,,,,,,,,,,,,,,,,,,,,,,,,,,59.61800003,55.06600189,51.47499847,50.66400146,49.66199875,49.95999908,51,52.14300156,53.70399857,54.23600006,54.91999817,54.92300034,54.64199829,54.28099823,55.52099991,56.31399918,57.10499954,57.59700012,55.45399857,54.81999969,55.16600037,55.0719986,54.2120018,53.77199936,53.30799866,53.31499863,53.23500061
Fiji,FJI,,,,,,,,,,,,,,,,,,,,,,,,,,,,,,,,56.65999985,56.78499985,56.40000153,56.30699921,56.39400101,55.92499924,55.24599838,54.48500061,53.70100021,53.07400131,52.62099838,52.21500015,52.07899857,53.82899857,53.56900024,51.95199966,50.35300064,50.67499924,51.29800034,51.68600082,52.11800003,52.60499954,53.88100052,55.11800003,54.92300034,54.72200012,54.57300186
France,FRA,,,,,,,,,,,,,,,,,,,,,,,,,,,,,,,,50.2120018,49.68099976,49.03300095,48.23600006,48.66400146,48.7140007,48.29600143,48.63199997,48.91699982,49.86800003,50.49000168,50.64500046,51.4679985,51.05899811,51.38700104,51.29800034,51.84199905,52.25500107,51.45800018,51.29000092,51.06999969,50.88399887,50.54499817,50.03300095,49.82099915,49.84500122,50.02299881
Faroe Islands,FRO,,,,,,,,,,,,,,,,,,,,,,,,,,,,,,,,,,,,,,,,,,,,,,,,,,,,,,,,,,
"Micronesia, Fed. Sts.",FSM,,,,,,,,,,,,,,,,,,,,,,,,,,,,,,,,,,,,,,,,,,,,,,,,,,,,,,,,,,
Gabon,GAB,,,,,,,,,,,,,,,,,,,,,,,,,,,,,,,,38.77299881,38.92200089,38.70899963,38.66400146,38.58800125,38.60699844,38.54600143,38.61899948,38.93000031,38.99399948,38.94200134,39.06600189,39.1230011,39.28699875,39.49499893,39.43000031,39.12099838,39.28300095,39.42200089,39.18899918,39.39899826,39.70899963,39.99499893,40.34999847,40.70700073,41.01399994,41.3219986
United Kingdom,GBR,,,,,,,,,,,,,,,,,,,,,,,,,,,,,,,,56.85200119,55.68999863,54.84600067,55.10300064,55.5320015,55.88000107,56.72399902,57.1570015,57.54999924,58.02399826,58.12099838,58.15999985,58.41199875,58.58800125,58.81299973,58.75600052,58.66600037,58.69200134,57.3409996,57.01699829,56.77899933,57.0870018,57.44599915,58.40299988,58.94100189,59.35200119,59.64400101
Georgia,GEO,,,,,,,,,,,,,,,,,,,,,,,,,,,,,,,,59.88399887,60.66999817,60.95800018,60.93199921,59.40599823,57.2179985,56.47600174,56.37799835,56.65499878,56.63700104,58.4980011,55.66899872,57.47299957,55.58599854,54.62200165,54.76300049,55.00899887,53.08300018,52.96500015,54.27799988,56.03699875,57.11800003,56.9620018,58.83499908,59.97299957,59.56000137,59.79000092
Ghana,GHA,,,,,,,,,,,,,,,,,,,,,,,,,,,,,,,,71.89800262,71.82499695,71.26399994,70.71099854,70.15299988,69.64800262,69.14399719,68.72299957,67.22100067,66.93499756,67.90200043,68.8710022,69.84400177,70.8239975,71.81199646,72.80000305,72.61499786,72.42299652,72.24299622,72.09799957,72.93900299,73.77500153,75.08499908,75.06999969,75.06400299,75,75.1190033
Gibraltar,GIB,,,,,,,,,,,,,,,,,,,,,,,,,,,,,,,,,,,,,,,,,,,,,,,,,,,,,,,,,,
Guinea,GIN,,,,,,,,,,,,,,,,,,,,,,,,,,,,,,,,62.70700073,62.76399994,62.77299881,62.73899841,62.61500168,62.63299942,62.60699844,62.55099869,62.46099854,62.36399841,62.33599854,62.27299881,62.22200012,62.1629982,62.09500122,62.04700089,62.00400162,61.90399933,61.85200119,61.79499817,61.73400116,61.6570015,61.57899857,61.51800156,61.45600128,61.34400177,61.3409996
"Gambia, The",GMB,,,,,,,,,,,,,,,,,,,,,,,,,,,,,,,,52.31399918,52.39099884,52.36299896,52.36899948,52.34500122,52.28099823,52.2159996,52.1590004,52.14500046,52.17599869,52.31700134,52.48600006,52.63600159,52.79999924,52.97299957,53.13700104,53.28900146,53.43000031,53.56299973,53.68799973,53.8219986,53.91699982,53.84799957,53.77799988,53.67399979,53.60699844,53.66699982
Guinea-Bissau,GNB,,,,,,,,,,,,,,,,,,,,,,,,,,,,,,,,68.7440033,68.69599915,68.62000275,68.49900055,68.32499695,68.21099854,68.04100037,67.94400024,67.72499847,67.5530014,67.43299866,67.3259964,67.19799805,67.05599976,66.91300201,66.82900238,66.75099945,66.69400024,66.66400146,66.65799713,66.71600342,66.82700348,66.90899658,66.9940033,67.05200195,67.15799713,67.26000214
Equatorial Guinea,GNQ,,,,,,,,,,,,,,,,,,,,,,,,,,,,,,,,57.87099838,57.76599884,57.7859993,57.73300171,57.61800003,56.89400101,55.79299927,55.42900085,55.20700073,55.19900131,54.50400162,54.35800171,54.45399857,54.40200043,54.68199921,54.55599976,54.44400024,54.47000122,54.89500046,55.56299973,55.37599945,55.22700119,55.45899963,55.77600098,56.31999969,55.81200027,55.13800049
Greece,GRC,,,,,,,,,,,,,,,,,,,,,,,,,,,,,,,,46.11600113,46.67200089,46.13700104,46.62400055,46.95500183,47.24700165,47.09500122,47.25600052,47.06200027,47.35900116,46.87900162,47.42200089,48.04399872,48.29199982,48.28300095,49.04999924,49.30099869,49.64199829,49.04600143,47.49200058,44.20800018,40.50799942,38.68799973,38.9469986,39.86800003,40.64500046,41.50699997
Grenada,GRD,,,,,,,,,,,,,,,,,,,,,,,,,,,,,,,,,,,,,,,,,,,,,,,,,,,,,,,,,,
Greenland,GRL,,,,,,,,,,,,,,,,,,,,,,,,,,,,,,,,,,,,,,,,,,,,,,,,,,,,,,,,,,
Guatemala,GTM,,,,,,,,,,,,,,,,,,,,,,,,,,,,,,,,60.17699814,60.29299927,60.30500031,60.37900162,60.52099991,60.57799911,60.75899887,60.96500015,61.09500122,61.46099854,61.6629982,60.66799927,60.62900162,60.9620018,63.27899933,65.46600342,64.06800079,62.9070015,61.74300003,60.36600113,59.1609993,64.50800323,59.26399994,60.05899811,59.81000137,60.22999954,60.32099915
Guam,GUM,,,,,,,,,,,,,,,,,,,,,,,,,,,,,,,,69.1230011,68.88899994,67.65599823,65.93299866,65.51799774,65.03299713,63.79999924,64.83799744,60.28699875,59.06200027,60.4070015,61.2140007,62.23099899,63.20899963,63.38600159,62.81700134,61.87599945,61.29100037,60.8390007,61.3370018,57.6609993,58.14599991,58.38499832,60.71300125,60.91199875,61.68600082,61.34899902
Guyana,GUY,,,,,,,,,,,,,,,,,,,,,,,,,,,,,,,,52.23899841,52.7820015,53.11199951,52.78699875,51.89099884,52.00400162,51.5,50.11199951,50.66899872,49.84799957,50.06700134,49.52000046,49.20299911,49.4980011,48.89199829,50.02700043,50.41400146,49.7879982,49.99300003,50.13800049,50.39400101,50.43899918,50.65000153,50.61600113,50.67200089,50.84199905,50.7519989
High income,HIC,,,,,,,,,,,,,,,,,,,,,,,,,,,,,,,,56.49241905,56.04050511,55.49516011,55.50547139,55.56437016,55.65336628,55.95720852,56.00701489,56.13212482,56.40342037,56.19086363,55.82268932,55.81218669,55.9465814,56.33924626,56.81088155,57.23369208,57.18476268,55.73487531,55.38927313,55.47782501,55.5344657,55.56209226,55.9071331,56.28391431,56.65457499,56.83211839
"Hong Kong SAR, China",HKG,,,,,,,,,,,,,,,,,,,,,,,,,,,,,,,,62.54499817,61.4980011,60.91899872,60.70299911,59.93899918,59.83200073,59.94800186,58.47000122,57.41600037,58.22499847,58.09600067,57.08100128,56.39899826,57.01499939,57.49399948,57.89899826,58.39799881,58.20899963,57.06399918,56.56600189,57.54499817,58.2159996,58.77000046,58.74599838,58.82099915,58.59600067,58.50999832
Honduras,HND,,,,,,,,,,,,,,,,,,,,,,,,,,,,,,,,62.71099854,63.87599945,64.05000305,64.07800293,64.16799927,63.59400177,64.52999878,64.27600098,64.51100159,63.1269989,61.66899872,60.51800156,58.5929985,57.06000137,56.59999847,59.36899948,60.41400146,61.25799942,61.97999954,61.67699814,60.0359993,59.03099823,60.89799881,62.03699875,64.73899841,64.9489975,65.04599762
Heavily indebted poor countries (HIPC),HPC,,,,,,,,,,,,,,,,,,,,,,,,,,,,,,,,67.40039217,67.41461066,67.24773378,67.19121545,67.14258442,66.995262,66.97495744,66.85951559,66.67249838,66.7130994,66.84319427,67.09517815,67.24572146,67.35616694,67.57162081,67.64650644,67.67109238,67.71515843,67.74761064,67.65289474,67.73836678,67.80081331,67.94250255,67.92878843,67.77338999,67.70085703,67.7310511
Croatia,HRV,,,,,,,,,,,,,,,,,,,,,,,,,,,,,,,,51.19800186,50.9070015,50.56100082,49.52999878,49.45000076,49.5929985,49.24700165,48.10800171,46.63700104,45.02999878,44.85900116,44.42100143,45.04499817,46.18299866,46.58200073,46.85100174,47.8429985,48.73899841,48.36600113,46.55799866,44.7859993,43.22299957,42.09700012,43.35800171,44.33300018,44.74200058,45.55199814
Haiti,HTI,,,,,,,,,,,,,,,,,,,,,,,,,,,,,,,,62.01599884,61.59799957,61.28300095,60.89599991,61.17599869,60.63399887,60.1269989,59.64599991,59.24200058,57.97000122,57.10499954,56.4620018,55.85499954,54.89199829,54.7820015,54.29100037,54.12599945,54.52099991,55.50500107,55.37400055,57.15499878,57.19400024,57.66600037,57.88899994,58.06499863,58.34700012,58.5929985
Hungary,HUN,,,,,,,,,,,,,,,,,,,,,,,,,,,,,,,,49.27199936,48.98600006,45.97600174,45.00699997,44.4090004,43.27799988,42.98400116,43.5909996,45.36800003,45.77700043,45.98400116,46.03300095,46.74300003,46.48300171,46.54100037,46.77199936,46.62599945,46.09600067,44.9679985,44.86000061,45.15499878,45.90100098,46.75600052,49.49200058,51.08100128,52.90299988,53.2519989
IBRD only,IBD,,,,,,,,,,,,,,,,,,,,,,,,,,,,,,,,63.75153313,63.91938072,63.74513059,63.54984473,63.16529441,62.90085038,62.5873204,62.20335865,62.01164057,61.85324352,61.67360956,61.48419582,61.35038091,61.34312338,61.32755479,61.0943816,60.89586001,60.42404104,59.96995899,59.6315377,59.45303809,59.2018174,59.10972158,58.95269824,58.68676322,58.47836079,58.21944738
IDA & IBRD total,IBT,,,,,,,,,,,,,,,,,,,,,,,,,,,,,,,,63.33061229,63.46987535,63.31061867,63.14323287,62.78060081,62.54426529,62.27618411,61.94234,61.7777877,61.63155337,61.47763022,61.32020543,61.20320179,61.20207015,61.21356544,61.07575677,60.91061109,60.51661486,60.14148357,59.89176162,59.74821482,59.55674739,59.48733446,59.36959168,59.16791491,59.00000598,58.81208711
IDA total,IDA,,,,,,,,,,,,,,,,,,,,,,,,,,,,,,,,61.26944856,61.28968343,61.22337045,61.20979529,60.97109731,60.87876746,60.83534872,60.74492301,60.7148181,60.63291235,60.60217922,60.59372877,60.55659702,60.58786703,60.72202463,60.99625124,60.97290675,60.90312079,60.84898438,60.95098964,60.93410279,60.96338996,60.96264019,60.97479299,60.99362329,60.95081197,60.99630077
IDA blend,IDB,,,,,,,,,,,,,,,,,,,,,,,,,,,,,,,,53.96458879,54.06324085,54.12134446,54.20409414,53.56374155,53.51583158,53.57856712,53.5249884,53.52579844,53.38712009,53.17854468,53.14183205,53.17373276,53.42789872,53.65354009,54.40923312,54.54508122,54.56200222,54.63473645,54.84180506,54.89952126,54.88907717,54.85978895,54.91297586,55.02462583,54.94984356,54.9683031
Indonesia,IDN,,,,,,,,,,,,,,,,,,,,,,,,,,,,,,,,62.5320015,63.31000137,63.25899887,63.21500015,63.16899872,63.12099838,62.81499863,63.11800003,63.27099991,63.42599869,63.61000061,63.33200073,63.44300079,63.05599976,62.32699966,62.43700027,62.0890007,62.63299942,63.5719986,64.09999847,64.2480011,64.53199768,64.42700195,64.39199829,62.84999847,63.63800049,63.51200104
IDA only,IDX,,,,,,,,,,,,,,,,,,,,,,,,,,,,,,,,65.00517863,64.97679099,64.83917267,64.76839523,64.72501611,64.60801308,64.50816176,64.39617317,64.34742052,64.29367345,64.35147388,64.35790387,64.28756583,64.20734188,64.29496604,64.32636743,64.22112835,64.10511192,63.98479069,64.03492187,63.97797228,64.0239046,64.03473286,64.02259144,63.98966145,63.95576963,64.0068139
Isle of Man,IMN,,,,,,,,,,,,,,,,,,,,,,,,,,,,,,,,,,,,,,,,,,,,,,,,,,,,,,,,,,
India,IND,,,,,,,,,,,,,,,,,,,,,,,,,,,,,,,,58.31200027,58.38999939,58.41699982,58.55599976,58.24900055,57.89500046,57.45500183,57.16199875,56.87900162,56.45600128,56.74100113,56.97600174,57.35800171,57.64099884,57.95299911,56.97900009,56.04199982,54.99700165,54.21500015,53.36100006,52.70999908,52.00999832,52.09700012,52.11999893,52.06600189,52.03900146,51.89300156
Not classified,INX,,,,,,,,,,,,,,,,,,,,,,,,,,,,,,,,,,,,,,,,,,,,,,,,,,,,,,,,,,
Ireland,IRL,,,,,,,,,,,,,,,,,,,,,,,,,,,,,,,,44.88100052,44.43700027,44.66199875,45.82799911,47.39500046,48.3370018,49.65800095,52.61299896,55.0719986,56.78900146,57.32699966,57.37400055,57.47299957,57.9469986,59.79999924,60.4659996,60.91699982,59.4640007,54.69800186,52.68600082,51.72200012,51.44300079,52.65800095,53.48600006,54.57300186,55.61999893,56.15200043
"Iran, Islamic Rep.",IRN,,,,,,,,,,,,,,,,,,,,,,,,,,,,,,,,40.53099823,40.22600174,39.97299957,39.66500092,39.3730011,39.05400085,38.7519989,38.58100128,38.43299866,38.47000122,38.43999863,39.45500183,40.68000031,41.83200073,41.67900085,41.18799973,40.60599899,38.73099899,38.55500031,37.32400131,37.48799896,37.19200134,37.61600113,37.22999954,38.06299973,38.82400131,38.62400055
Iraq,IRQ,,,,,,,,,,,,,,,,,,,,,,,,,,,,,,,,37.99100113,38.31200027,38.51699829,38.22700119,38.14400101,38.74300003,38.6230011,38.58499908,38.375,37.97100067,37.82300186,37.68600082,37.95500183,37.8030014,38.9659996,40.36800003,41.62599945,42.96099854,42.98300171,42.93899918,42.86500168,42.55599976,42.45199966,42.6590004,42.81900024,42.60699844,42.6780014
Iceland,ISL,,,,,,,,,,,,,,,,,,,,,,,,,,,,,,,,72.34500122,71.97200012,70.51799774,70.50299835,72.72799683,72.79299927,71.85700226,73.6780014,75.54499817,76.84600067,76.63400269,74.70700073,73.71199799,73.3010025,73.83599854,74.45400238,74.9940033,73.8259964,69.25,69.23899841,69.08899689,69.88999939,71.05500031,72.53199768,73.95300293,75.42199707,75.18000031
Israel,ISR,,,,,,,,,,,,,,,,,,,,,,,,,,,,,,,,51.23400116,51.19599915,53.13899994,55.52099991,56.41600037,55.97299957,54.76900101,53.88000107,53.93600082,54.41999817,53.97200012,52.66999817,52.5719986,53.31000137,54.71500015,55.49200058,56.81700134,57.91999817,56.76800156,57.68600082,58.375,59.19599915,59.77199936,60.375,60.76399994,61.14400101,61.43999863
Italy,ITA,,,,,,,,,,,,,,,,,,,,,,,,,,,,,,,,45.47999954,44.22200012,43.35200119,42.44900131,41.81000137,41.80199814,41.70999908,41.84199905,42.24200058,42.64699936,43.39400101,43.97100067,44.5,45.68000031,45.21300125,45.61600113,45.68199921,45.64400101,44.52799988,43.95899963,43.85200119,43.52999878,42.44599915,42.35499954,42.61100006,43.13600159,43.16699982
Jamaica,JAM,,,,,,,,,,,,,,,,,,,,,,,,,,,,,,,,58.04700089,58.60599899,58.23300171,59.20399857,58.15200043,57.80199814,56.95399857,56.79299927,56.4280014,56.34600067,56.54299927,56.71900177,58.18299866,58.34500122,58.77299881,59.72900009,60.01800156,59.38600159,58.77000046,58.18000031,58.04100037,57.29700089,56.49399948,57.57500076,57.80099869,58.18099976,58.86100006
Jordan,JOR,,,,,,,,,,,,,,,,,,,,,,,,,,,,,,,,33.04299927,32.77700043,33.50600052,34.55799866,36.35400009,36.77199936,36.69599915,36.62200165,36.51499939,36.26599884,35.76499939,35.17300034,34.96699905,34.95999908,34.84000015,34.97200012,36.54000092,36.46900177,37.10300064,36.62900162,35.88899994,35.41199875,34.33100128,34.5340004,34.02799988,33.18099976,33.25899887
Japan,JPN,,,,,,,,,,,,,,,,,,,,,,,,,,,,,,,,62.59400177,62.81100082,62.42300034,61.97800064,61.61600113,61.56000137,61.71699905,60.93399811,60.0909996,59.64300156,59.09999847,58.23099899,57.96300125,57.84700012,57.93600082,58.0320015,58.36500168,58.16600037,57.30599976,57.03099823,56.81800079,56.70399857,57.2179985,57.67300034,57.99200058,58.56399918,58.50899887
Kazakhstan,KAZ,,,,,,,,,,,,,,,,,,,,,,,,,,,,,,,,70.39299774,70.3789978,70.48400116,66.09999847,63.73099899,62.21300125,62.08000183,62.01599884,61.68099976,61.95899963,63.20999908,63.67699814,63.69499969,63.4129982,63.84899902,64.27100372,64.89600372,65.65200043,65.42700195,66.27200317,66.56700134,66.73999786,66.94100189,67.30200195,67.42099762,67.48100281,67.52400208
Kenya,KEN,,,,,,,,,,,,,,,,,,,,,,,,,,,,,,,,66.08899689,65.90200043,65.68399811,65.45300293,65.23699951,65.01999664,64.88600159,64.74199677,64.6190033,63.61899948,62.54199982,61.44900131,60.30599976,59.1590004,58.01800156,58.07699966,58.20999908,58.43199921,57.82699966,57.96099854,58.08100128,58.12200165,58.0929985,58.04199982,57.98600006,57.90399933,57.90399933
Kyrgyz Republic,KGZ,,,,,,,,,,,,,,,,,,,,,,,,,,,,,,,,59.18500137,59.89500046,60.34600067,60.82099915,60.82099915,59.64400101,59.44200134,59.42499924,59.35900116,59.43000031,59.24900055,56.29000092,57.64799881,58.24700165,59.58800125,60.25099945,59.82400131,59.22700119,58.47399902,58.54499817,59.03300095,58.54100037,57.31000137,57.37400055,57.69300079,57.17499924,57.15399933
Cambodia,KHM,,,,,,,,,,,,,,,,,,,,,,,,,,,,,,,,79.50800323,79.76399994,80.07299805,80.09799957,79.97399902,79.72399902,77.95200348,75.94000244,76.95200348,76.66000366,81.7460022,80.9960022,80.11299896,78.68499756,79.88800049,81.09600067,82.59999847,83.77899933,84.61499786,85.09400177,85.01899719,84.84999847,84.53600311,84.47799683,84.34300232,84.21299744,84.45300293
Kiribati,KIR,,,,,,,,,,,,,,,,,,,,,,,,,,,,,,,,,,,,,,,,,,,,,,,,,,,,,,,,,,
St. Kitts and Nevis,KNA,,,,,,,,,,,,,,,,,,,,,,,,,,,,,,,,,,,,,,,,,,,,,,,,,,,,,,,,,,
"Korea, Rep.",KOR,,,,,,,,,,,,,,,,,,,,,,,,,,,,,,,,58.87099838,58.98400116,58.7159996,59.70600128,60.38199997,60.75699997,60.90599823,56.48699951,56.80599976,58.42699814,58.81399918,59.83100128,59.21500015,59.81600189,59.76699829,59.84400177,59.91500092,59.45399857,58.44900131,58.50299835,58.82699966,59.18299866,59.37799835,60.08499908,60.19200134,60.31800079,60.29399872
Kuwait,KWT,,,,,,,,,,,,,,,,,,,,,,,,,,,,,,,,64.00700378,64.51499939,65.30599976,66.42900085,66.65299988,67.23600006,66.90100098,66.69400024,66.66000366,66.71800232,66.5059967,66.44200134,66.7460022,66.85700226,67.18099976,67.46700287,67.38999939,67.52400208,68.25800323,68.73999786,67.69599915,67.90100098,68.09300232,68.50499725,68.91400146,68.0530014,67.55200195
Latin America & Caribbean (excluding high income),LAC,,,,,,,,,,,,,,,,,,,,,,,,,,,,,,,,56.88433334,57.11904382,57.71216728,57.83892482,57.74304698,57.67890823,58.34237243,58.15753425,57.73543708,57.8630481,58.49300819,58.78336538,58.79070913,59.7934844,60.32105743,61.17497407,61.40010789,61.53765575,61.1157258,61.00882338,60.85467131,61.02110422,60.86395202,60.82602905,60.52881446,59.65699852,59.26613739
Lao PDR,LAO,,,,,,,,,,,,,,,,,,,,,,,,,,,,,,,,79.09200287,79.06199646,79.05200195,78.94499969,78.88800049,78.8690033,78.83499908,78.79699707,78.71700287,78.59700012,78.51799774,78.38800049,78.2480011,78.08499908,77.73999786,77.66300201,77.60299683,77.55699921,77.54499817,77.49900055,77.5059967,77.54599762,77.5739975,77.6269989,77.65599823,77.6289978,77.7480011
Lebanon,LBN,,,,,,,,,,,,,,,,,,,,,,,,,,,,,,,,40.07300186,39.99399948,39.96099854,39.88000107,39.85499954,39.75999832,40.11000061,40.10100174,40.38199997,40.72499847,41.17100143,41.63499832,42.07400131,42.34000015,42.4469986,42.49700165,42.39199829,42.70100021,42.97800064,42.80699921,42.9109993,43.13700104,43.42300034,43.62400055,43.80500031,44.04199982,44.05699921
Liberia,LBR,,,,,,,,,,,,,,,,,,,,,,,,,,,,,,,,53.33000183,53.63100052,53.84899902,53.93999863,53.97800064,53.81999969,53.02299881,52.72399902,52.4980011,52.13700104,52.2140007,52.26599884,52.77700043,52.85499954,52.93299866,53.01599884,53.09199905,53.6609993,54.21099854,55.12799835,55.06299973,54.95299911,54.7840004,54.67399979,54.55799866,54.41600037,54.34199905
Libya,LBY,,,,,,,,,,,,,,,,,,,,,,,,,,,,,,,,38.99000168,39.40399933,39.51100159,39.4640007,40.05899811,39.59700012,39.86600113,40.04899979,40.2519989,40.4129982,40.82799911,41.0379982,40.89099884,41.625,41.81600189,42.40200043,42.76399994,43.2179985,43.6969986,43.78300095,44.23199844,43.31600189,43.03300095,42.77399826,42.78099823,42.79499817,43.19599915
St. Lucia,LCA,,,,,,,,,,,,,,,,,,,,,,,,,,,,,,,,51.49499893,52.36500168,52.13299942,52.47999954,53.03300095,53.10100174,50.51900101,49.8370018,52.11299896,53.20100021,55.50899887,51.22700119,50.54800034,51.86299896,53.79199982,56.01499939,57.57400131,58.56800079,56.7519989,53.09899902,54.45999908,54.49300003,52.55400085,52.42499924,51.625,53.69100189,53.99700165
Latin America & Caribbean,LCN,,,,,,,,,,,,,,,,,,,,,,,,,,,,,,,,56.40186227,56.66010829,57.07071649,57.11108799,56.69563347,56.71474614,57.46154742,57.44942127,56.97495819,57.01744426,57.45814208,57.57600652,57.8334814,58.90063409,59.45235983,60.33299874,60.6263188,60.75870032,60.32442018,60.26668361,60.28953516,60.44531322,60.31261517,60.23718378,59.99983478,59.16340066,58.82605874
Least developed countries: UN classification,LDC,,,,,,,,,,,,,,,,,,,,,,,,,,,,,,,,65.4214833,65.39044516,65.25791872,65.19114867,65.14625316,65.08814746,64.99907788,64.91243441,64.8959076,64.8780767,64.94788826,65.005148,64.88564197,64.79793814,64.9197246,64.95793679,64.92414804,64.89088019,64.83645955,64.94592016,64.96339738,64.96788475,64.90150905,64.84648064,64.76485151,64.7141926,64.74868945
Low income,LIC,,,,,,,,,,,,,,,,,,,,,,,,,,,,,,,,69.11254387,69.10494076,68.9743933,68.90165788,68.78112596,68.66205958,68.5034124,68.37201206,68.26823015,68.28063673,68.30697208,68.51203341,68.57339263,68.56269363,68.6167562,68.46769227,68.36373138,68.26714508,68.30735068,68.17274122,68.12012021,68.23449701,68.32372245,68.32966692,68.28007926,68.25516695,68.29526729
Liechtenstein,LIE,,,,,,,,,,,,,,,,,,,,,,,,,,,,,,,,,,,,,,,,,,,,,,,,,,,,,,,,,,
Sri Lanka,LKA,,,,,,,,,,,,,,,,,,,,,,,,,,,,,,,,51.18299866,49.2480011,49.58599854,50.16699982,48.79800034,49.46500015,50.0320015,54.05400085,52.75,52.51499939,52.29700089,51.70999908,51.92699814,51.73300171,52.00500107,52.5870018,52.77000046,53.0359993,52.5019989,52.02000046,52.13700104,51.38700104,52.59700012,51.70899963,51.35900116,51.4090004,51.35800171
Lower middle income,LMC,,,,,,,,,,,,,,,,,,,,,,,,,,,,,,,,58.16736762,58.29262082,58.28006807,58.35827394,58.03842341,57.83764519,57.54639949,57.39601776,57.31336898,57.07911616,57.16379331,57.18815103,57.35101594,57.46173719,57.59249988,57.32379063,56.92326508,56.48636001,56.14509283,55.86598196,55.62985944,55.2924883,55.32596347,55.29917755,55.08630468,55.10973178,55.04169917
Low & middle income,LMY,,,,,,,,,,,,,,,,,,,,,,,,,,,,,,,,63.56737033,63.70845869,63.57114528,63.42554774,63.09340527,62.85392025,62.56472059,62.21027181,62.07449779,61.94599983,61.80592961,61.67142232,61.52612776,61.50272419,61.49352647,61.32629729,61.12945981,60.71081798,60.33568937,60.0772292,59.91350525,59.71717387,59.64554706,59.51960665,59.30632751,59.13388307,58.9375699
Lesotho,LSO,,,,,,,,,,,,,,,,,,,,,,,,,,,,,,,,47.96500015,50.29000092,46.17599869,47.23699951,43.70399857,47.88299942,45.25400162,41.55799866,54.02000046,56.7120018,52.26599884,47.2480011,49.88199997,43.98799896,44.16600037,45.39500046,45.10900116,44.34400177,44.73899841,50.1629982,48.22700119,51.22800064,49.92300034,49.77299881,48.33599854,47.91500092,48.35400009
Late-demographic dividend,LTE,,,,,,,,,,,,,,,,,,,,,,,,,,,,,,,,69.77641556,70.02359238,69.88962515,69.50349322,69.17113974,68.93570414,68.58645177,68.10866514,68.00765521,68.00075676,67.66699926,67.33724451,66.8732373,66.59128368,66.37591788,66.23954322,66.26974235,65.86937944,65.44901004,65.28319517,65.19117318,65.05251439,64.896391,64.78070863,64.47829811,64.03702301,63.65954589
Lithuania,LTU,,,,,,,,,,,,,,,,,,,,,,,,,,,,,,,,51.29499817,51.6230011,51.31000137,51.20700073,50.93500137,51.41500092,52.54899979,52.54499817,52.93000031,50.54600143,48.84199905,50.51900101,52.40800095,51.03499985,51.50699997,52.04399872,53.21500015,52.64799881,48.84899902,46.81800079,48.9469986,50.38600159,51.42399979,52.78499985,53.86000061,55.77000046,56.26699829
Luxembourg,LUX,,,,,,,,,,,,,,,,,,,,,,,,,,,,,,,,51.10800171,51.625,50.90999985,50.26399994,48.82400131,49.13899994,49.7140007,49.78300095,50.81600189,52.11600113,51.86899948,52.45299911,51.23899841,51.33399963,52.3370018,52.66400146,52.72600174,52.22299957,54.34500122,54.49700165,54.06600189,55.03300095,54.87799835,55.5719986,55.40399933,54.31900024,54.68799973
Latvia,LVA,,,,,,,,,,,,,,,,,,,,,,,,,,,,,,,,49.65599823,49.9109993,49.18999863,47.4070015,48.11700058,47.39599991,51.00500107,50.32300186,49.59999847,48.08800125,48.54899979,49.80500031,50.0929985,50.54899979,51.51800156,54.85800171,56.56000137,56.73300171,49.56999969,47.49399948,49.14199829,50.82300186,52.40100098,52.93500137,54.29700089,54.8769989,55.34199905
"Macao SAR, China",MAC,,,,,,,,,,,,,,,,,,,,,,,,,,,,,,,,55.86000061,56.99300003,57.2159996,56.99200058,57.81299973,64.76300049,64.76000214,63.2120018,61.61999893,60.85400009,61.72800064,59.93299866,58.52199936,60.14199829,61.70999908,63.68099976,66.64199829,67.77700043,67.90799713,68.79699707,69.45300293,69.54599762,69.77100372,70.57299805,70.30999756,69.4489975,69.41200256
St. Martin (French part),MAF,,,,,,,,,,,,,,,,,,,,,,,,,,,,,,,,,,,,,,,,,,,,,,,,,,,,,,,,,,
Morocco,MAR,,,,,,,,,,,,,,,,,,,,,,,,,,,,,,,,42.06100082,42.99499893,43.22499847,41.00500107,39.64400101,41.63199997,42.46900177,41.11000061,43.83100128,44.05500031,44.43899918,44.59999847,44.82099915,45.51300049,45.20800018,45.52299881,45.41400146,45.11500168,45.32799911,45.3370018,45.36399841,44.73500061,44.67900085,44.45800018,44.34000015,44.47299957,44.42399979
Monaco,MCO,,,,,,,,,,,,,,,,,,,,,,,,,,,,,,,,,,,,,,,,,,,,,,,,,,,,,,,,,,
Moldova,MDA,,,,,,,,,,,,,,,,,,,,,,,,,,,,,,,,45.75500107,46.09799957,46.00099945,47.5359993,46.93199921,45.71300125,45.41999817,45.4659996,45.40000153,46.56700134,46.86000061,46.78900146,46.00600052,45.75899887,44.95100021,43.6230011,43.40299988,42.56800079,40.16500092,38.87200165,39.48699951,38.47700119,39.35599899,39.70500183,42.47499847,41.00699997,40.55799866
Madagascar,MDG,,,,,,,,,,,,,,,,,,,,,,,,,,,,,,,,81.59899902,81.55799866,81.51499939,81.48999786,81.46900177,81.50099945,81.53199768,81.56900024,81.59799957,81.62000275,82.04399872,82.44100189,82.78500366,83.6989975,84.63999939,84.96099854,85.22200012,85.42099762,85.56999969,85.63200378,86.73999786,87.81700134,87.05599976,86.20700073,84.97899628,84.78900146,84.92500305
Maldives,MDV,,,,,,,,,,,,,,,,,,,,,,,,,,,,,,,,49.28900146,49.55799866,49.86199951,50.17399979,50.45800018,50.97999954,51.48500061,51.99399948,52.55500031,53.22499847,54.63100052,56.25400162,58.11700058,59.78699875,61.4109993,63.42599869,63.05199814,62.99700165,62.64599991,63.04299927,63.14899826,63.09600067,63.45500183,63.54000092,62.84400177,62.02899933,62.54600143
Middle East & North Africa,MEA,,,,,,,,,,,,,,,,,,,,,,,,,,,,,,,,42.15732622,41.98336325,41.77446035,41.67366635,41.24034434,41.53724077,41.50885433,41.09545506,41.52509292,41.25570739,41.05593751,41.01084424,41.42442802,42.16751489,42.37720567,42.77371919,43.20437772,43.1781046,43.29563942,43.02116844,42.93973845,42.92929778,43.27494382,42.95448035,43.10820702,43.35141662,43.39034651
Mexico,MEX,,,,,,,,,,,,,,,,,,,,,,,,,,,,,,,,56.88499832,57.47399902,58.11299896,57.39500046,55.70299911,56.73300171,58.81100082,58.97499847,58.93099976,58.77199936,58.20500183,58.17699814,57.61800003,58.47999954,58.87400055,59.59899902,59.66400146,59.24700165,58.25099945,58.09899902,58.21699905,59.02999878,58.81000137,58.28900146,58.68999863,58.90200043,59.2140007
Marshall Islands,MHL,,,,,,,,,,,,,,,,,,,,,,,,,,,,,,,,,,,,,,,,,,,,,,,,,,,,,,,,,,
Middle income,MIC,,,,,,,,,,,,,,,,,,,,,,,,,,,,,,,,63.14099825,63.28989255,63.14827829,62.99288473,62.63949038,62.38814274,62.08536644,61.70918114,61.56694124,61.42297448,61.26493184,61.09751063,60.92980864,60.89956608,60.87824542,60.70209174,60.4888376,60.03227549,59.60937946,59.32850928,59.14377346,58.90649905,58.80691156,58.65478917,58.4111829,58.20891607,57.97257486
"Macedonia, FYR",MKD,,,,,,,,,,,,,,,,,,,,,,,,,,,,,,,,35.55099869,35.54999924,35.43600082,35.18299866,35.13600159,34.81999969,34.59700012,35.07500076,35.87400055,36.01800156,36.95399857,36.25600052,33.90200043,32.17900085,33.15599823,34.52899933,35.43000031,36.45800018,37.56999969,37.81600189,38.05899811,38.02500153,39.58399963,40.21900177,41.04299927,41.93099976,42.65999985
Mali,MLI,,,,,,,,,,,,,,,,,,,,,,,,,,,,,,,,48.97800064,48.98899841,48.96699905,48.94200134,48.92499924,49.00400162,49.0719986,48.70999908,48.35699844,48.04399872,47.72800064,47.47600174,47.18799973,46.89300156,48.59899902,50.24399948,51.48600006,53.99599838,56.51499939,59.7140007,62.0909996,63.48300171,64.76699829,66.73100281,65.74700165,65.64299774,65.84500122
Malta,MLT,,,,,,,,,,,,,,,,,,,,,,,,,,,,,,,,47.08300018,46.68799973,46.57400131,46.07600021,46.62400055,46.13000107,46.26399994,46.15299988,46.40000153,46.8390007,46.91799927,46.60900116,46.02999878,44.72200012,45.02500153,45.24100113,46.07300186,46.39400101,46.05500031,46.65800095,47.70800018,48.39099884,49.41699982,50.57099915,51.27500153,52.0340004,52.27099991
Myanmar,MMR,,,,,,,,,,,,,,,,,,,,,,,,,,,,,,,,72.71800232,72.47699738,72.35800171,72.18399811,72.02700043,71.88200378,71.76100159,71.63200378,71.32800293,70.94000244,70.60099792,70.24099731,69.81500244,69.38700104,68.94200134,68.48999786,68.05999756,67.68099976,67.25800323,66.84799957,66.58000183,66.2480011,65.8730011,65.5039978,65.14299774,64.80000305,64.55999756
Middle East & North Africa (excluding high income),MNA,,,,,,,,,,,,,,,,,,,,,,,,,,,,,,,,40.60760199,40.59578879,40.28586753,40.09916697,39.40644922,39.83565653,39.89932839,39.48674263,39.97245269,39.56695651,39.36797272,39.35099701,39.76465635,40.50358247,40.58292277,40.88632599,41.1551767,40.8989257,40.89194474,40.28760357,40.00844466,39.77309881,40.01669277,39.51235436,39.53440443,39.79076452,39.80221272
Montenegro,MNE,,,,,,,,,,,,,,,,,,,,,,,,,,,,,,,,38.66500092,39.14400101,39.13800049,35.8730011,36.56499863,35.05599976,36.72600174,36.34999847,37.07500076,34.95299911,36.05599976,35.81600189,35.63100052,35.33300018,35.29000092,37.91799927,40.50299835,41.45399857,40.25699997,39.70100021,39.39500046,39.67100143,39.66600037,40.24499893,40.31700134,40.06200027,40.65200043
Mongolia,MNG,,,,,,,,,,,,,,,,,,,,,,,,,,,,,,,,52.15399933,52.94400024,54.10400009,54.13499832,56.27700043,55.75299835,55.27000046,56.48799896,57.33499908,57.56900024,57.52099991,56.61100006,55.72800064,57.25,57.29999924,57.22800064,54.75799942,55.74399948,55.65999985,55.15000153,57.1780014,57.08800125,57.31900024,57.36800003,57.40499878,54.99100113,55.20899963
Northern Mariana Islands,MNP,,,,,,,,,,,,,,,,,,,,,,,,,,,,,,,,,,,,,,,,,,,,,,,,,,,,,,,,,,
Mozambique,MOZ,,,,,,,,,,,,,,,,,,,,,,,,,,,,,,,,63.40100098,65.16600037,65.06900024,65.14499664,65.27400208,65.10500336,65.09999847,65.71499634,66.22899628,66.64099884,66.82700348,67.05500031,67.20700073,66.94400024,66.61799622,66.23100281,65.77500153,65.1969986,64.49700165,63.65299988,62.66400146,61.51599884,60.85900116,59.13700104,59.00600052,59.01499939,59.02799988
Mauritania,MRT,,,,,,,,,,,,,,,,,,,,,,,,,,,,,,,,46.51300049,46.4659996,46.3370018,46.45600128,46.18000031,46.16199875,46.29600143,46.18299866,46.02199936,46.13899994,45.9640007,45.84400177,45.61000061,45.46300125,45.26200104,45.08000183,45.07699966,44.97600174,44.88399887,44.67599869,44.55400085,44.41899872,44.40599823,44.41999817,44.52199936,44.54800034,44.5340004
Mauritius,MUS,,,,,,,,,,,,,,,,,,,,,,,,,,,,,,,,53.79299927,53.86199951,53.99000168,54.09700012,54.16600037,54.43799973,54.70299911,54.97100067,55.31399918,55.56600189,56.02000046,55.27999878,54.43000031,53.3409996,53.03300095,53.0929985,52.82600021,53.51699829,53.3030014,53.72800064,53.14599991,53.27700043,53.89400101,54.57799911,54.93399811,54.6609993,54.50099945
Malawi,MWI,,,,,,,,,,,,,,,,,,,,,,,,,,,,,,,,71.18199921,71.37799835,71.10900116,71.33100128,71.11100006,71.15899658,71.26599884,71.40599823,71.40299988,71.44999695,71.44599915,71.30599976,71.15000153,71.08699799,71.08599854,71.27100372,71.41100311,71.67700195,71.89800262,72.14700317,72.4260025,72.70200348,72.8789978,72.65299988,72.51999664,72.32800293,72.44300079
Malaysia,MYS,,,,,,,,,,,,,,,,,,,,,,,,,,,,,,,,59.94900131,59.88800049,60.21099854,60.09799957,59.87099838,60.11399841,60.08100128,59.91699982,59.7159996,59.86100006,59.45899963,59.33599854,59.11000061,59.02700043,58.98099899,58.92100143,58.76100159,58.13899994,58.17100143,58.34899902,59.48699951,60.45700073,61.79999924,62.22900009,62.32500076,62.11000061,62.31000137
North America,NAC,,,,,,,,,,,,,,,,,,,,,,,,,,,,,,,,60.49596735,60.18722721,60.41184555,61.25400343,61.67920575,61.92195454,62.51376048,62.91722114,63.22768967,63.4797622,62.7089495,61.84628582,61.46115178,61.51948696,61.79627183,62.18185428,62.09131045,61.41720845,58.6631064,57.84908911,57.79021073,58.19035062,58.27554648,58.66031842,58.97662301,59.30811849,59.38765212
Namibia,NAM,,,,,,,,,,,,,,,,,,,,,,,,,,,,,,,,45.74399948,45.74900055,45.82400131,45.63499832,45.27000046,44.90100098,44.11199951,44.56000137,45.00699997,44.9640007,45.15800095,45.29299927,45.38199997,44.92900085,45.00799942,45.10300064,45.15999985,45.20000076,45.25099945,45.92200089,47.03300095,49.80099869,48.85900116,49.60200119,49.05599976,46.95500183,47.29800034
New Caledonia,NCL,,,,,,,,,,,,,,,,,,,,,,,,,,,,,,,,52.38999939,52.74100113,53.24900055,53.63899994,54.03099823,54.31100082,54.7179985,55.10699844,55.46300125,55.67399979,55.93299866,56.04899979,56.17499924,55.09700012,55.22499847,55.20000076,55.10800171,55.04899979,54.79100037,54.26800156,54.04499817,53.9070015,53.79000092,53.80899811,53.76399994,53.65399933,53.47800064
Niger,NER,,,,,,,,,,,,,,,,,,,,,,,,,,,,,,,,74.55500031,74.60600281,74.51999664,74.42299652,74.41000366,74.86000061,75.43800354,75.90000153,76.53900146,77.11499786,77.6289978,77.38999939,77.12400055,76.91500092,76.5739975,76.76300049,77.21700287,77.61299896,78.09100342,78.47299957,78.89299774,78.81600189,78.80699921,78.74900055,78.71800232,78.64900208,78.6190033
Nigeria,NGA,,,,,,,,,,,,,,,,,,,,,,,,,,,,,,,,53.41199875,53.29499817,53.59700012,53.41999817,53.24300003,53.11000061,52.98400116,52.85300064,52.75799942,52.62900162,52.63600159,52.64899826,52.60100174,52.33000183,52.39599991,52.46900177,52.54999924,52.63899994,52.72900009,52.81800079,52.90399933,52.98600006,53.06100082,52.58100128,52.72399902,51.25699997,51.26300049
Nicaragua,NIC,,,,,,,,,,,,,,,,,,,,,,,,,,,,,,,,51.44800186,51.18899918,50.56000137,49.96900177,49.06100082,50.11700058,52.02999878,52.13199997,54.3429985,55.71300125,57.91899872,54.48400116,57.47000122,58.34400177,59.12599945,59.32500076,60.01900101,59.60900116,58.75999832,59.35400009,60.5890007,61.82500076,62.15000153,62.99900055,63.27299881,63.5340004,63.66199875
Netherlands,NLD,,,,,,,,,,,,,,,,,,,,,,,,,,,,,,,,52.77999878,54.05899811,53.84799957,53.96900177,54.25299835,55.19499969,56.92499924,58.31800079,59.53699875,61.12200165,62.12200165,62.45299911,61.7820015,61.2840004,61.32500076,62.18000031,63.47399902,64.33699799,64.10099792,61.81399918,60.93600082,60.83499908,59.83100128,59.26399994,59.66799927,59.88399887,60.44300079
Norway,NOR,,,,,,,,,,,,,,,,,,,,,,,,,,,,,,,,58.58800125,58.18999863,57.95399857,58.78099823,59.18299866,61.19300079,62.82699966,64.41699982,64.51000214,64.63700104,64.41100311,64.41899872,63.05799866,62.92900085,62.56399918,63.44800186,64.73200226,65.69599915,64.38999939,63.38700104,63.11999893,63.25799942,62.77700043,62.4659996,62.09999847,61.35900116,61.56200027
Nepal,NPL,,,,,,,,,,,,,,,,,,,,,,,,,,,,,,,,81.74299622,81.7990036,81.95200348,82.24299622,82.27200317,82.29599762,82.84899902,83.40499878,84.44100189,84.22299957,84.00900269,83.73500061,83.52999878,83.26799774,82.9489975,82.62200165,82.28399658,81.91200256,81.63700104,81.39700317,81.29599762,81.24299622,81.11799622,81.52400208,81.51999664,81.70700073,81.90200043
Nauru,NRU,,,,,,,,,,,,,,,,,,,,,,,,,,,,,,,,,,,,,,,,,,,,,,,,,,,,,,,,,,
New Zealand,NZL,,,,,,,,,,,,,,,,,,,,,,,,,,,,,,,,56.66999817,56.24300003,56.72700119,58.34999847,60.09199905,60.93899918,60.42200089,59.47200012,60.00400162,60.72499847,61.79999924,62.57300186,62.67100143,63.70800018,64.61499786,65.11699677,65.52899933,65.13300323,63.5530014,63.07899857,63.49200058,63.01200104,63.6780014,64.71700287,64.66300201,65.76799774,65.83399963
OECD members,OED,,,,,,,,,,,,,,,,,,,,,,,,,,,,,,,,56.37995365,55.94038868,55.34438714,55.43125149,55.48763217,55.63539166,55.97300708,56.01396504,56.15068125,56.30574629,56.07732321,55.73107993,55.51512449,55.55972001,55.90979744,56.34679365,56.69711639,56.59857392,55.09740817,54.81373809,54.91984788,55.01122344,55.02294143,55.29095364,55.6677646,56.09796657,56.2690936
Oman,OMN,,,,,,,,,,,,,,,,,,,,,,,,,,,,,,,,54.99900055,56.05599976,57.04800034,57.84999847,58.31499863,56.95299911,55.49399948,54.2480011,53.39400101,52.74300003,52.5320015,52.65499878,52.99900055,53.32500076,53.69100189,54.17100143,55.04800034,56.19599915,57.68899918,59.40299988,61.06100082,62.6609993,64.34400177,65.96299744,67.29000092,67.55699921,67.90200043
Other small states,OSS,,,,,,,,,,,,,,,,,,,,,,,,,,,,,,,,54.28261705,54.1831021,53.41616585,53.06392282,52.56008822,52.62711341,52.31534173,51.98440033,52.98899572,53.13451906,52.83693345,52.42899013,52.73837934,52.51927774,52.96498402,53.95867153,54.36281721,54.85729547,54.86913502,55.33258723,55.69744614,56.45653347,56.63944683,56.98633046,57.26919327,57.19619764,57.40169548
Pakistan,PAK,,,,,,,,,,,,,,,,,,,,,,,,,,,,,,,,47.60800171,47.89400101,47.83399963,48.16699982,46.71699905,47.09000015,47.45899963,47.47900009,47.63999939,47.35499954,46.83499908,46.74599838,46.93600082,47.81800079,48.56999969,50.36500168,50.57799911,50.48199844,50.78300095,51.22800064,51.15800095,50.96900177,50.74100113,51.2120018,51.26499939,52.2820015,52.24100113
Panama,PAN,,,,,,,,,,,,,,,,,,,,,,,,,,,,,,,,49.40200043,51.12400055,52.81999969,52.67699814,53.5929985,53.44200134,54.06900024,53.77000046,55.27000046,54.42699814,53.94300079,54.56900024,55.1230011,56.27700043,57.8769989,57.86999893,59.85499954,61.91699982,62.06999969,61.56100082,61.05899811,62.43500137,63.58100128,62.87900162,63.48300171,63.9980011,63.92200089
Peru,PER,,,,,,,,,,,,,,,,,,,,,,,,,,,,,,,,55.20199966,56.11899948,57.65499878,59.02899933,60.62400055,61.86999893,63.85900116,63.98300171,65.16200256,63.72399902,66.4280014,67.81999969,69.71700287,70.76999664,71.90200043,73.46099854,74.57900238,74.77400208,75.30599976,76.3259964,75.90000153,76.06199646,75.43800354,74.89600372,73.78700256,73.58300018,73.89600372
Philippines,PHL,,,,,,,,,,,,,,,,,,,,,,,,,,,,,,,,60.02899933,60.26100159,60.33000183,60.22999954,60.24100113,60.09199905,60.04100037,60.25500107,60.17499924,60.10400009,60.18899918,60.14199829,60.07699966,59.68999863,59.70299911,59.64199829,59.98799896,59.73400116,60.01399994,60.10300064,60.77600098,60.38899994,60.11399841,60.66899872,60.45800018,60.55799866,60.85200119
Palau,PLW,,,,,,,,,,,,,,,,,,,,,,,,,,,,,,,,,,,,,,,,,,,,,,,,,,,,,,,,,,
Papua New Guinea,PNG,,,,,,,,,,,,,,,,,,,,,,,,,,,,,,,,69.96600342,69.38800049,68.58999634,68.45300293,68.86299896,68.56300354,69.01999664,69.38400269,69.4940033,69.85600281,70.12000275,70.39099884,70.54299927,70.69000244,70.61599731,70.74900055,70.59400177,70.52799988,70.40499878,70.19400024,69.31199646,68.97899628,68.78700256,68.40799713,68.16500092,68.13600159,68.0530014
Poland,POL,,,,,,,,,,,,,,,,,,,,,,,,,,,,,,,,53.91999817,53.2820015,52.35900116,51.13700104,50.74399948,50.73600006,50.65399933,50.81700134,48.83800125,47.09600067,46.2140007,44.51699829,44.32400131,44.14300156,45.3030014,46.6969986,48.84000015,50.70700073,50.74000168,50.52799988,50.67399979,50.70500183,50.63700104,51.73199844,52.43000031,53.35800171,53.81499863
Pre-demographic dividend,PRE,,,,,,,,,,,,,,,,,,,,,,,,,,,,,,,,61.52160082,61.5310019,61.51745051,61.41348763,61.37531237,61.30357404,61.22357088,61.15722339,61.04849108,60.88176281,60.77988551,60.8248717,60.73839329,60.57293657,60.668837,60.80490943,60.98935463,61.15446439,61.23659638,61.25914071,61.38750047,61.48196091,61.49988195,61.3657664,61.34534783,60.99150676,61.00767188
Puerto Rico,PRI,,,,,,,,,,,,,,,,,,,,,,,,,,,,,,,,38.19800186,37.7820015,39.04700089,39.73500061,39.60800171,40.56700134,41.30199814,41.45999908,42.11600113,41.73899841,41.4280014,41.41600037,41.54700089,42.11999893,41.99200058,42.40000153,41.81900024,40.7120018,38.55400085,37.40000153,37.08200073,37.22000122,36.78499985,36.43099976,36.70600128,36.79899979,37.11199951
"Korea, Dem. Peoples Rep.",PRK,,,,,,,,,,,,,,,,,,,,,,,,,,,,,,,,75.9240036,75.86599731,76.51999664,77.18299866,76.79799652,78.82499695,78.7440033,78.69100189,78.73600006,78.47699738,78.39900208,78.16300201,78.03600311,77.89099884,77.78199768,77.52200317,77.36299896,77.35199738,77.21900177,77.16000366,77.09400177,77.03500366,76.98200226,76.94499969,76.86799622,76.68099976,76.62400055
Portugal,PRT,,,,,,,,,,,,,,,,,,,,,,,,,,,,,,,,58.86999893,56.80799866,55.7840004,54.96900177,54.32600021,54.44200134,55.43899918,57.6780014,57.71699905,58.39199829,59.01200104,59.16500092,58.14199829,57.6570015,57.26800156,57.41600037,57.31499863,57.35300064,55.47499847,54.47299957,52.71699905,50.69599915,49.625,50.61399841,51.3390007,52.06499863,53.0340004
Paraguay,PRY,,,,,,,,,,,,,,,,,,,,,,,,,,,,,,,,65.39399719,65.4960022,65.64099884,66.33599854,67.11299896,63.8769989,65.88200378,65.98899841,63.1969986,64.51699829,64.60399628,63.43399811,65.32800293,65.6309967,66.91600037,66.68699646,67.19300079,67.48899841,67.18699646,65.83000183,66.01699829,69.39299774,68.15899658,66.03600311,66.40100098,66.61799622,67.16200256
West Bank and Gaza,PSE,,,,,,,,,,,,,,,,,,,,,,,,,,,,,,,,33.49399948,33.58200073,33.71500015,33.59500122,33.62099838,30.03199959,31.3579998,33.50400162,34.56399918,33.83800125,29.19099998,26.38100052,29.3579998,29.63899994,31.2159996,31.37800026,32.93099976,31.52400017,31.30500031,31.17200089,33.64899826,33.26599884,33.09999847,32.35400009,33.67900085,33.31200027,33.30799866
Pacific island small states,PSS,,,,,,,,,,,,,,,,,,,,,,,,,,,,,,,,57.61760842,57.7643623,57.71867003,57.7221604,57.73393335,57.54595183,57.31211048,56.98756035,56.71189597,56.6468522,56.60807849,56.60872032,56.57934188,57.56178634,57.49245934,56.7930757,55.96491536,56.08298059,56.55413042,56.72643222,56.82368875,57.00896997,57.68850852,58.33781577,58.28627579,58.20430672,58.19266979
Post-demographic dividend,PST,,,,,,,,,,,,,,,,,,,,,,,,,,,,,,,,56.56004536,56.10644454,55.6094282,55.6987501,55.90051676,55.91090143,56.10838622,56.00645564,56.2145358,56.62158175,56.49718051,56.28315297,56.18228687,56.24047075,56.58425585,56.97118154,57.3012142,57.17940068,55.63356431,55.18706558,55.15806286,55.15280205,55.18146641,55.42242762,55.77364608,56.17611497,56.3387947
French Polynesia,PYF,,,,,,,,,,,,,,,,,,,,,,,,,,,,,,,,51.10499954,51.41799927,51.79299927,51.94300079,52.06200027,52.25500107,52.38800049,52.44599915,52.36199951,52.14099884,51.84000015,51.14099884,50.65299988,50.23699951,49.96900177,49.79299927,49.70199966,48.59899902,47.4129982,46.08399963,44.91999817,43.88899994,43.82600021,43.72100067,43.54399872,43.52999878,43.44100189
Qatar,QAT,,,,,,,,,,,,,,,,,,,,,,,,,,,,,,,,76.58699799,76.40200043,76.31199646,76.3710022,76.39299774,75.93099976,75.31800079,74.77500153,74.41100311,74.20400238,73.9980011,74.69499969,75.78600311,77.66500092,79.26200104,80.01799774,81.69100189,83.32700348,84.83999634,86.27500153,85.59200287,85.49099731,85.92199707,86.60900116,87.41999817,87.01899719,86.79499817
Romania,ROU,,,,,,,,,,,,,,,,,,,,,,,,,,,,,,,,63.20000076,63.32699966,63.20399857,63.04199982,62.87099838,61.45600128,62.38299942,61.38700104,60.88499832,59.77999878,58.74900055,52.60599899,51.63899994,50.82699966,49.64799881,50.5019989,50.75899887,50.81399918,50.06999969,51.13999939,50.24100113,50.87400055,50.54999924,50.96099854,50.61899948,50.41500092,50.59999847
Russian Federation,RUS,,,,,,,,,,,,,,,,,,,,,,,,,,,,,,,,62.78900146,62.99399948,60.9070015,57.75299835,56.23899841,55.15599823,52.68899918,50.97600174,53.58399963,55.39199829,55.2120018,56.35900116,55.83499908,56.44900131,57.14699936,57.35900116,58.75899887,59.00299835,57.74499893,58.35800171,59.25299835,59.98799896,59.97200012,60.24100113,60.11199951,60.29600143,60.22800064
Rwanda,RWA,,,,,,,,,,,,,,,,,,,,,,,,,,,,,,,,89.24199677,88.86199951,88.29399872,87.74700165,87.01799774,86.66999817,86.53199768,86.59400177,86.64800262,86.53600311,86.33100128,85.98899841,85.4240036,84.89399719,84.54799652,84.34100342,84.30799866,84.33799744,84.34799957,84.23200226,84.06800079,83.85800171,84.76399994,85.56800079,85.40899658,85.15200043,85.03500366
South Asia,SAS,,,,,,,,,,,,,,,,,,,,,,,,,,,,,,,,57.20817468,57.25926316,57.26520557,57.41408077,57.04764125,56.81058839,56.51911228,56.3672643,56.15869974,55.79733017,55.95362523,56.12146806,56.38647798,56.6627725,56.98123448,56.41908775,55.69016074,54.83493075,54.20991054,53.65245992,53.12374423,52.54376295,52.57012793,52.62723935,52.58701176,52.67405207,52.56803189
Saudi Arabia,SAU,,,,,,,,,,,,,,,,,,,,,,,,,,,,,,,,49.33599854,49.5019989,49.45399857,49.26300049,48.86299896,47.94100189,47.20299911,46.76499939,46.63100052,47.61899948,47.20000076,46.81600189,46.96699905,47.18000031,47.39799881,47.32300186,47.55400085,47.72999954,47.42699814,48.23500061,49.17100143,50.51599884,51.3219986,51.68799973,52.52199936,52.72700119,53.02399826
Sudan,SDN,,,,,,,,,,,,,,,,,,,,,,,,,,,,,,,,43.42200089,43.4640007,43.80500031,43.97399902,44.23099899,44.48600006,44.25600052,44.06600189,43.78900146,43.64300156,43.47299957,43.25400162,43.08399963,42.87599945,42.66400146,42.43799973,42.15200043,41.82099915,41.42699814,41.39599991,41.1629982,40.98099899,40.93399811,40.84000015,40.72399902,40.65100098,40.56499863
Senegal,SEN,,,,,,,,,,,,,,,,,,,,,,,,,,,,,,,,50.56999969,50.45899963,50.33300018,50.18399811,49.9469986,49.80199814,49.59500122,49.33399963,49.0719986,48.85699844,48.72299957,48.63999939,47.95199966,47.29100037,46.64899826,46.10499954,46.98899841,47.89799881,48.82400131,49.75299835,50.66999817,51.5320015,52.40100098,53.2519989,54.17300034,54.23099899,54.43199921
Singapore,SGP,,,,,,,,,,,,,,,,,,,,,,,,,,,,,,,,62.16199875,61.88100052,62.27600098,62.73300171,62.875,62.76399994,63.51800156,62.63600159,61.57500076,62.30199814,62.24499893,60.17699814,59.99700165,60.02399826,60.60499954,61.88499832,62.85400009,63.77799988,63.55799866,64.80200195,65.06600189,65.62599945,65.63800049,66.3030014,67.73500061,67.42900085,67.07700348
Solomon Islands,SLB,,,,,,,,,,,,,,,,,,,,,,,,,,,,,,,,69.63700104,69.125,69.13400269,68.84799957,68.64600372,68.86599731,69.24199677,69.4260025,69.73799896,70.80699921,71.42900085,71.74099731,71.55500031,71.46299744,71.31999969,71.18399811,70.97000122,70.76300049,71.15899658,70.91000366,70.38899994,70.27100372,70.20400238,70.20400238,70.10099792,70.04499817,70.0019989
Sierra Leone,SLE,,,,,,,,,,,,,,,,,,,,,,,,,,,,,,,,62.62900162,62.74100113,62.60499954,62.48199844,62.43199921,62.34199905,62.29399872,62.17599869,62.13899994,62.12599945,62.27000046,62.12400055,62.10900116,63.56399918,62.71300125,61.86700058,61.03699875,60.21300125,59.39099884,58.56700134,57.73799896,56.9090004,56.07899857,55.29000092,55.45999908,55.38100052,55.31999969
El Salvador,SLV,,,,,,,,,,,,,,,,,,,,,,,,,,,,,,,,56.3219986,56.30899811,55.85599899,57.99700165,57.33499908,56.00600052,55.62200165,57.85499954,57.87200165,57.20100021,56.70000076,56.92599869,57.96300125,56.8429985,56.53900146,57.3429985,57.89199829,58.09199905,57.05899811,58.30799866,58.91600037,59.44900131,59.90399933,59.22700119,58.9620018,58.40599823,58.64500046
San Marino,SMR,,,,,,,,,,,,,,,,,,,,,,,,,,,,,,,,,,,,,,,,,,,,,,,,,,,,,,,,,,
Somalia,SOM,,,,,,,,,,,,,,,,,,,,,,,,,,,,,,,,45.7840004,45.71699905,45.69300079,45.66600037,45.59999847,45.43199921,45.25299835,45.07799911,44.90000153,44.75,44.51900101,44.3429985,44.1969986,44.06200027,43.92699814,43.75500107,43.5929985,43.44400024,43.32799911,43.26800156,43.16600037,43.1230011,43.12900162,43.16999817,43.23500061,43.30799866,43.35200119
Serbia,SRB,,,,,,,,,,,,,,,,,,,,,,,,,,,,,,,,50.39400101,50.4620018,50.25,49.49900055,49.36399841,49.32400131,48.71699905,48.63700104,48.89400101,49.18999863,48.80500031,47.92900085,46.89599991,44.75899887,43.24399948,43.07500076,44.56999969,46.26100159,43.68999863,41.09700012,39.17699814,38.98099899,40.5890007,42.36199951,42.68899918,45.65100098,45.95700073
Sub-Saharan Africa (excluding high income),SSA,,,,,,,,,,,,,,,,,,,,,,,,,,,,,,,,63.10348899,63.08342774,63.03836347,62.93660466,62.93231961,62.66921842,62.46300683,62.26266297,62.1237696,62.26713933,62.2834959,62.3813673,62.49734888,62.67295272,62.8905475,63.09626657,63.22671402,63.42704341,63.32780781,63.24862399,63.40968902,63.57648812,63.72051107,63.61372671,63.63189342,63.27177412,63.2954186
South Sudan,SSD,,,,,,,,,,,,,,,,,,,,,,,,,,,,,,,,65.43299866,65.63899994,65.45200348,65.45800018,65.19300079,65.27300262,65.24900055,65.49099731,65.5059967,65.50499725,65.43599701,65.28600311,65.30200195,65.02700043,64.90100098,64.83000183,64.69200134,64.6309967,64.52500153,64.32700348,64.5739975,64.72499847,63.36299896,63.75,63.72800064,63.97399902,63.98600006
Sub-Saharan Africa,SSF,,,,,,,,,,,,,,,,,,,,,,,,,,,,,,,,63.10348899,63.08342774,63.03836347,62.93660466,62.93231961,62.66921842,62.46300683,62.26266297,62.1237696,62.26713933,62.2834959,62.3813673,62.49734888,62.67295272,62.8905475,63.09626657,63.22671402,63.42704341,63.32780781,63.24862399,63.40968902,63.57648812,63.72051107,63.61372671,63.63189342,63.27177412,63.2954186
Small states,SST,,,,,,,,,,,,,,,,,,,,,,,,,,,,,,,,54.0884198,54.18082085,53.68109919,53.6494841,53.33958435,53.41809426,53.14676389,52.89717936,53.61132827,53.74704218,53.63909069,53.33138213,53.72234466,53.79210073,54.20536209,55.09805829,55.4076351,55.72240134,55.56320531,55.83630168,56.13821689,56.63065217,56.76671308,57.13588111,57.35873102,57.31548821,57.49746502
Sao Tome and Principe,STP,,,,,,,,,,,,,,,,,,,,,,,,,,,,,,,,47.51300049,47.17499924,46.7519989,46.39699936,46.26599884,46.30599976,46.56700134,46.89899826,47.25500107,47.54700089,46.95600128,45.90599823,46.55799866,46.70600128,46.62900162,46.75299835,47.50699997,47.91500092,48.58300018,49.10300064,49.59999847,50.09500122,50.26399994,50.36299896,50.39099884,50.36999893,50.29600143
Suriname,SUR,,,,,,,,,,,,,,,,,,,,,,,,,,,,,,,,38.66500092,41.01100159,41.92599869,43.56900024,45.8429985,44.99100113,45.41400146,45.52799988,44.07799911,44.66400146,45.76900101,45.97800064,46.67699814,47.03900146,47.04899979,47.47299957,47.74200058,47.97100067,48.16999817,49.11800003,49.59500122,50.0359993,50.89799881,49.8409996,49.72100067,49.02799988,49.07699966
Slovak Republic,SVK,,,,,,,,,,,,,,,,,,,,,,,,,,,,,,,,58.07600021,56.18299866,54.65399933,51.79800034,52.06999969,53.36700058,52.55199814,52.04899979,49.88999939,48.36100006,48.73899841,48.61600113,49.92200089,49.01300049,49.88000107,51.19900131,52.20999908,53.55899811,51.6590004,50.33300018,50.72399902,50.86600113,50.77999878,51.46500015,52.75899887,54.24599838,54.93299866
Slovenia,SVN,,,,,,,,,,,,,,,,,,,,,,,,,,,,,,,,54.78099823,54.31499863,53.39899826,53.26300049,53.65100098,53.62900162,54.45500183,54.90999985,53.84199905,53.4109993,54.25899887,54.55799866,52.80799866,55.42699814,55.35400009,55.75400162,56.88100052,56.88199997,55.94400024,54.94400024,53.31600189,52.61100006,51.63199997,52.11399841,52.22700119,52.14300156,52.56600189
Sweden,SWE,,,,,,,,,,,,,,,,,,,,,,,,,,,,,,,,64.80999756,61.72000122,57.86800003,57.14300156,58.02899933,57.49000168,56.56499863,57.18199921,58.19200134,58.95000076,60.09899902,59.9980011,59.48099899,58.89799881,58.83399963,58.82600021,59.74000168,59.84999847,58.0340004,57.69100189,58.43299866,58.3769989,58.73099899,58.86899948,59.21099854,59.52099991,59.73600006
Eswatini,SWZ,,,,,,,,,,,,,,,,,,,,,,,,,,,,,,,,42.13499832,42.29399872,42.41500092,42.47600174,42.45899963,42.21900177,41.70700073,41.55099869,41.38199997,41.2159996,41.11700058,41.03099823,40.95999908,40.9280014,40.93999863,40.89799881,37.60900116,37.68000031,37.81200027,37.99000168,38.27000046,38.58599854,38.92200089,39.26599884,39.60300064,39.79600143,39.95899963
Sint Maarten (Dutch part),SXM,,,,,,,,,,,,,,,,,,,,,,,,,,,,,,,,,,,,,,,,,,,,,,,,,,,,,,,,,,
Seychelles,SYC,,,,,,,,,,,,,,,,,,,,,,,,,,,,,,,,,,,,,,,,,,,,,,,,,,,,,,,,,,
Syrian Arab Republic,SYR,,,,,,,,,,,,,,,,,,,,,,,,,,,,,,,,50.07099915,49.33100128,48.96900177,48.85200119,48.95899963,48.07099915,47.20000076,46.48199844,46.40800095,45.42499924,44.1590004,43.80699921,43.99900055,43.15399933,42.3409996,41.88199997,40.80500031,39.76200104,39.47900009,39.34999847,36.58000183,36.46300125,36.26300049,35.9980011,35.4659996,35.33000183,34.94800186
Turks and Caicos Islands,TCA,,,,,,,,,,,,,,,,,,,,,,,,,,,,,,,,,,,,,,,,,,,,,,,,,,,,,,,,,,
Chad,TCD,,,,,,,,,,,,,,,,,,,,,,,,,,,,,,,,68.32499695,68.33799744,68.3730011,68.32700348,68.3259964,68.37000275,68.38400269,68.38300323,68.40399933,68.40200043,68.39900208,68.41200256,68.3710022,68.27200317,68.19100189,68.20400238,68.14700317,68.06400299,67.9509964,67.77999878,67.74500275,67.625,67.50299835,67.35800171,67.21600342,67.04699707,66.95600128
East Asia & Pacific (IDA & IBRD countries),TEA,,,,,,,,,,,,,,,,,,,,,,,,,,,,,,,,73.04025222,73.38013359,73.3411099,73.23522547,72.99656077,72.82707213,72.56631053,72.2224878,71.97211408,71.81393171,71.33238587,70.82682008,70.29395173,69.67830547,69.19644736,68.8326342,68.58456585,68.01973937,67.84080791,67.62574356,67.51048021,67.32429867,67.07649121,66.88121989,66.40088786,66.17901862,65.86083231
Europe & Central Asia (IDA & IBRD countries),TEC,,,,,,,,,,,,,,,,,,,,,,,,,,,,,,,,58.26641372,58.19405102,56.84950318,55.6711695,54.96083391,54.04264415,52.76948313,51.83251414,52.27829575,52.49121369,52.13528693,51.89829103,51.51767055,51.51749837,51.91720731,52.24110447,53.08274968,53.49292663,52.70764642,53.20029992,53.80621965,54.13324832,54.29930128,54.3406475,54.57438342,54.82682654,54.79570212
Togo,TGO,,,,,,,,,,,,,,,,,,,,,,,,,,,,,,,,80.84700012,80.79599762,80.76300049,80.52999878,80.32499695,80.04199982,79.73400116,79.54599762,79.33799744,79.16699982,79.14199829,79.11799622,79.06500244,79.05400085,79.07800293,79.18099976,78.76200104,78.29399872,77.76599884,77.17199707,76.49700165,76.52899933,76.53500366,76.48600006,76.39099884,76.26399994,76.13899994
Thailand,THA,,,,,,,,,,,,,,,,,,,,,,,,,,,,,,,,73.36000061,74.07099915,73.68199921,73.51300049,73.8010025,74.1309967,74.30899811,71.66400146,71.01999664,71.67500305,71.73799896,72.10600281,72.12999725,72.23100281,72.37999725,71.93699646,72.27799988,72.25299835,71.76899719,71.9240036,72.75099945,72.34899902,70.88899994,70.19599915,68.65499878,68.12200165,67.81999969
Tajikistan,TJK,,,,,,,,,,,,,,,,,,,,,,,,,,,,,,,,53.07300186,53.73899841,53.66199875,53.54100037,53.43099976,51.3390007,51.28900146,51.56200027,51.38000107,51.64300156,51.79000092,51.55599976,51.58300018,51.63999939,51.83499908,51.97399902,52.05599976,52.24399948,52.18199921,52.1570015,52.55699921,52.82600021,52.9070015,52.98199844,53.05599976,53.0909996,53.16899872
Turkmenistan,TKM,,,,,,,,,,,,,,,,,,,,,,,,,,,,,,,,60.34199905,60.73400116,60.82300186,60.93799973,61.01499939,60.30699921,60.35699844,60.65100098,60.74000168,60.88999939,60.98199844,60.9280014,60.95800018,60.97499847,61.09199905,61.16999817,61.25,61.42499924,61.47200012,61.64199829,62.0379982,62.36899948,62.67599869,62.94400024,63.09600067,63.2120018,63.23199844
Latin America & the Caribbean (IDA & IBRD countries),TLA,,,,,,,,,,,,,,,,,,,,,,,,,,,,,,,,56.88831105,57.14463342,57.54419164,57.55679333,57.10685456,57.09427749,57.84627091,57.81285461,57.30838315,57.33721313,57.77309208,57.88157473,58.13020581,59.21532767,59.76507395,60.6479999,60.9310162,61.05626093,60.59966007,60.56363479,60.59443487,60.75481649,60.61777564,60.53379097,60.28062049,59.42001384,59.06800539
Timor-Leste,TLS,,,,,,,,,,,,,,,,,,,,,,,,,,,,,,,,56.78099823,56.88600159,57.02700043,56.97999954,56.79199982,56.41999817,55.91600037,55.67200089,54.94200134,53.02199936,52.02500153,50.67900085,49.02000046,47.35699844,45.63899994,44.42900085,42.63999939,41.67499924,40.77099991,40.11100006,39.63899994,39.16199875,38.73799896,38.26800156,37.9280014,37.70999908,37.4469986
Middle East & North Africa (IDA & IBRD countries),TMN,,,,,,,,,,,,,,,,,,,,,,,,,,,,,,,,40.66498984,40.65316526,40.34036917,40.15386389,39.45578021,39.92022047,39.97401719,39.5388504,40.01944073,39.61670734,39.45645512,39.46396269,39.85557714,40.59898546,40.66575195,40.9714181,41.22972587,40.98536205,40.98193853,40.37479119,40.07048607,39.83794784,40.08712761,39.58676238,39.59642464,39.86063052,39.87338194
Tonga,TON,,,,,,,,,,,,,,,,,,,,,,,,,,,,,,,,56.13199997,57.3769989,58.47999954,59.22100067,58.61999893,58.27099991,57.86299896,57.30699921,56.80400085,56.41199875,56.37200165,56.43000031,56.52899933,57.44200134,58.16899872,59.55400085,59.72800064,59.56800079,59.41899872,59.24499893,59.13399887,59.09700012,59.18099976,59.06200027,58.86600113,58.8030014,58.79700089
South Asia (IDA & IBRD),TSA,,,,,,,,,,,,,,,,,,,,,,,,,,,,,,,,57.20817468,57.25926316,57.26520557,57.41408077,57.04764125,56.81058839,56.51911228,56.3672643,56.15869974,55.79733017,55.95362523,56.12146806,56.38647798,56.6627725,56.98123448,56.41908775,55.69016074,54.83493075,54.20991054,53.65245992,53.12374423,52.54376295,52.57012793,52.62723935,52.58701176,52.67405207,52.56803189
Sub-Saharan Africa (IDA & IBRD countries),TSS,,,,,,,,,,,,,,,,,,,,,,,,,,,,,,,,63.10348899,63.08342774,63.03836347,62.93660466,62.93231961,62.66921842,62.46300683,62.26266297,62.1237696,62.26713933,62.2834959,62.3813673,62.49734888,62.67295272,62.8905475,63.09626657,63.22671402,63.42704341,63.32780781,63.24862399,63.40968902,63.57648812,63.72051107,63.61372671,63.63189342,63.27177412,63.2954186
Trinidad and Tobago,TTO,,,,,,,,,,,,,,,,,,,,,,,,,,,,,,,,44.95299911,45.81600189,46.72200012,48.42200089,49.80699921,51.10699844,52.01300049,52.6230011,53.20899963,53.77700043,54.54000092,54.93399811,55.9070015,58.28300095,59.52000046,60.5530014,60.79700089,61.3030014,60.15100098,59.97700119,60.68199921,60.28900146,60.99599838,61.25500107,60.59999847,59.5870018,59.07899857
Tunisia,TUN,,,,,,,,,,,,,,,,,,,,,,,,,,,,,,,,40.7120018,40.57799911,40.56800079,40.59799957,40.63499832,40.7159996,40.72499847,40.42900085,40.11800003,39.97600174,39.98500061,39.61999893,39.72800064,39.61199951,40.02199936,40.47900009,40.84899902,41.00500107,40.14899826,40.57500076,38.33800125,39.23300171,39.92699814,40.19300079,40.02099991,39.75999832,39.68399811
Turkey,TUR,,,,,,,,,,,,,,,,,,,,,,,,,,,,,,,,51.81000137,50.71900177,46.94100189,49.40000153,49.38800049,49.47999954,48.15800095,48.26699829,47.73799896,45.62900162,44.52799988,43.27099991,41.99599838,40.97800064,41.13299942,41.1269989,41.08300018,41.3429985,40.78499985,42.61399841,44.49599838,44.76499939,45.31499863,45.18299866,45.78300095,46.15999985,45.80199814
Tuvalu,TUV,,,,,,,,,,,,,,,,,,,,,,,,,,,,,,,,,,,,,,,,,,,,,,,,,,,,,,,,,,
Tanzania,TZA,,,,,,,,,,,,,,,,,,,,,,,,,,,,,,,,80.60299683,80.44300079,80.26300049,80.06500244,79.84200287,79.69100189,79.51999664,79.32700348,79.12999725,78.95500183,78.69200134,79.96399689,79.78399658,79.59700012,79.39900208,79.27100372,79.78500366,80.21600342,81.04199982,80.64900208,80.26499939,80.6780014,81.03099823,81.65499878,81.60199738,81.4980011,81.47399902
Uganda,UGA,,,,,,,,,,,,,,,,,,,,,,,,,,,,,,,,69.19000244,69.21199799,69.04299927,68.87999725,68.72299957,68.54799652,68.375,68.20700073,68.05000305,67.91200256,67.79199982,67.70999908,67.99500275,68.53500366,69.06600189,68.75800323,68.43900299,68.11599731,67.80999756,68.01000214,68.22200012,68.54199982,69.625,69.51200104,69.37200165,69.1740036,69.18699646
Ukraine,UKR,,,,,,,,,,,,,,,,,,,,,,,,,,,,,,,,56.54199982,56.4980011,56.54700089,56.58200073,56.42499924,54.53099823,52.98400116,50.76599884,49.7159996,50.34799957,49.8429985,50.37200165,50.48099899,50.49200058,51.13899994,51.21099854,51.37599945,51.34999847,50.0719986,50.5320015,50.87900162,50.76800156,51.54999924,49.24599838,49.58200073,49.35300064,49.07899857
Upper middle income,UMC,,,,,,,,,,,,,,,,,,,,,,,,,,,,,,,,67.2822142,67.48109305,67.25842049,66.93346268,66.58358119,66.30480109,66.01896356,65.47771242,65.3108972,65.26831743,64.91436642,64.58956806,64.13605384,63.9906895,63.84740307,63.7751987,63.75689639,63.30956697,62.83977069,62.58855822,62.48464025,62.37796467,62.18646854,61.94733059,61.70763246,61.31299766,60.93606978
Uruguay,URY,,,,,,,,,,,,,,,,,,,,,,,,,,,,,,,,54.87099838,55.74399948,55.4980011,56.0719986,56.14599991,54.99900055,55.38800049,56.5340004,55.75999832,54.6230011,54.53900146,52.68500137,52.44100189,54.72200012,55.22999954,57.40200043,58.47000122,59.83200073,60.51900101,60.79600143,61.70500183,61.16400146,60.6969986,61.0909996,60.08399963,59.5929985,59.71500015
United States,USA,,,,,,,,,,,,,,,,,,,,,,,,,,,,,,,,60.61800003,60.43099976,60.72999954,61.61600113,62.06000137,62.35900116,62.95999908,63.3219986,63.57500076,63.77999878,62.94100189,61.91400146,61.40200043,61.44400024,61.75500107,62.1609993,61.98799896,61.22700119,58.37400055,57.4620018,57.37599945,57.8219986,57.90299988,58.36999893,58.74000168,59.13299942,59.19200134
Uzbekistan,UZB,,,,,,,,,,,,,,,,,,,,,,,,,,,,,,,,58.06499863,58.36000061,58.35900116,58.50600052,58.51900101,57.45800018,57.54999924,57.61000061,57.66500092,57.70500183,57.75099945,57.78699875,57.83100128,57.91199875,58.0019989,58.11800003,58.26900101,58.43099976,58.625,58.86500168,59.11600113,59.39500046,59.68199921,59.95299911,60.18600082,60.60499954,60.93799973
St. Vincent and the Grenadines,VCT,,,,,,,,,,,,,,,,,,,,,,,,,,,,,,,,50.20399857,51.07699966,51.06200027,50.75699997,51.96300125,51.66199875,52.34500122,52.76900101,52.74499893,52.92300034,52.26699829,53.4980011,54.22499847,54.63499832,55.04000092,56.00600052,56.22800064,55.92200089,56.06100082,56.2120018,56.51100159,56.81800079,57.09400177,56.87200165,57.00999832,56.88000107,56.83499908
"Venezuela, RB",VEN,,,,,,,,,,,,,,,,,,,,,,,,,,,,,,,,55.97100067,57.41899872,58.2840004,57.20500183,56.44599915,55.62799835,56.34899902,56.48899841,54.26200104,55.29800034,55.85599899,53.48899841,52.93899918,55.43500137,57.54000092,59.41500092,60.11199951,60.59600067,59.86600113,59.32799911,59.72200012,59.47000122,59.55400085,59.9280014,59.89799881,59.09600067,58.75699997
British Virgin Islands,VGB,,,,,,,,,,,,,,,,,,,,,,,,,,,,,,,,,,,,,,,,,,,,,,,,,,,,,,,,,,
Virgin Islands (U.S.),VIR,,,,,,,,,,,,,,,,,,,,,,,,,,,,,,,,60.27799988,60.31999969,60.92599869,59.70000076,60.22499847,60.32600021,59.92599869,60.63600159,60.16400146,60.90499878,60.21099854,61.10100174,59.72999954,59.91400146,59.85699844,59.97900009,59.90100098,59.53099823,58.80599976,58.97900009,57.98099899,57.28099823,57.17100143,57.00799942,56.68299866,56.4640007,56.28900146
Vietnam,VNM,,,,,,,,,,,,,,,,,,,,,,,,,,,,,,,,76.1190033,76.07499695,76.05999756,76.00700378,75.91699982,75.82700348,75.00900269,75.42299652,75.38500214,75.37200165,74.9489975,75.40200043,75.24500275,75.25099945,75.04599762,74.85900116,74.65899658,74.78600311,74.60700226,74.88999939,75.72200012,76.32800293,76.6230011,77.09300232,76.83399963,76.55999756,76.61100006
Vanuatu,VUT,,,,,,,,,,,,,,,,,,,,,,,,,,,,,,,,66.5019989,66.51100159,66.63400269,66.28600311,66.42099762,66.3239975,66.0759964,65.92099762,65.96800232,65.72599792,66.11000061,66.54699707,66.47799683,66.49099731,66.41699982,66.15200043,66.14299774,66.11599731,66.31700134,66.55599976,66.63400269,66.64600372,66.65399933,66.6780014,66.875,66.8030014,66.83899689
World,WLD,,,,,,,,,,,,,,,,,,,,,,,,,,,,,,,,61.95338673,61.97619605,61.7634059,61.66948231,61.43748593,61.28667945,61.13981822,60.88462669,60.81649352,60.7847134,60.63941777,60.46761175,60.36143169,60.38036195,60.46072584,60.42774667,60.35885678,60.01697887,59.43553173,59.16561739,59.05744489,58.91479499,58.86677244,58.83468705,58.73684703,58.66954157,58.54594605
Samoa,WSM,,,,,,,,,,,,,,,,,,,,,,,,,,,,,,,,33.63999939,33.81999969,33.69900131,33.87900162,33.44300079,33.16600037,33.26599884,33.2140007,33.12599945,32.70199966,32.18899918,32.27600098,32.31700134,32.31299973,32.27700043,32.4070015,31.74300003,31.36000061,31.3409996,31.01099968,30.37100029,29.33699989,29.39500046,29.32699966,29.18000031,28.93199921,28.94199944
Kosovo,XKX,,,,,,,,,,,,,,,,,,,,,,,,,,,,,,,,,,,,,,,,,,,,,,,,,,,,,,,,,,
"Yemen, Rep.",YEM,,,,,,,,,,,,,,,,,,,,,,,,,,,,,,,,40.73099899,40.95600128,41.26699829,41.4070015,41.57799911,41.56700134,41.55599976,41.54100037,41.52099991,40.21699905,38.96099854,37.85300064,36.84600067,35.93799973,35.45199966,35.06600189,34.7159996,34.39599991,34.11299896,32.48300171,32.17100143,32.26699829,32.18399811,31.97599983,32.38199997,32.75400162,32.59899902
South Africa,ZAF,,,,,,,,,,,,,,,,,,,,,,,,,,,,,,,,42.79499817,42.81100082,42.75299835,42.70500183,44.30599976,42.0379982,40.96500015,39.81399918,39.58800125,40.68099976,39.51900101,38.51900101,38.52799988,40.0929985,40.82099915,41.73899841,42.17599869,43.27000046,41.29199982,39.43399811,39.41199875,39.63800049,40.14500046,40.12799835,40.89899826,40.18000031,39.76699829
Zambia,ZMB,,,,,,,,,,,,,,,,,,,,,,,,,,,,,,,,64.61299896,64.16000366,63.81999969,64.69000244,65.56999969,67.35299683,68.57700348,69.69000244,69.27999878,68.91100311,69.43000031,69.9280014,70.39900208,70.85700226,71.2990036,71.26899719,71.20899963,71.63300323,68.98400116,66.43000031,68.31999969,69.36000061,69.30000305,69.22299957,69.13500214,69.02500153,68.97399902
Zimbabwe,ZWE,,,,,,,,,,,,,,,,,,,,,,,,,,,,,,,,71.04100037,71.05400085,70.79399872,70.49900055,69.92199707,69.34100342,68.38899994,67.6780014,66.85500336,69.24199677,71.65299988,74.16300201,76.54699707,78.77899933,78.66699982,78.59500122,78.55599976,78.57499695,78.35299683,78.26399994,78.28900146,78.45899963,78.69999695,78.87799835,79.00700378,79.10700226,79.39499664
